cve_id,pub_year,cwe_category,cvss_base,impact,exploitability,severity,in_kev
CVE-2023-15830,2023,InputValidation,4.7,4.7,7.1,Medium,False
CVE-2020-40608,2020,Other,6.0,3.8,10.0,Medium,False
CVE-2018-57287,2018,Auth,4.1,6.2,3.4,Medium,False
CVE-2022-43427,2022,Crypto,4.1,6.1,6.7,Medium,False
CVE-2019-94042,2019,Memory,6.8,8.4,8.3,Medium,False
CVE-2023-38395,2023,Memory,6.1,5.8,6.9,Medium,False
CVE-2020-27970,2020,Memory,6.7,9.2,7.1,Medium,False
CVE-2022-80218,2022,Other,4.4,4.6,4.1,Medium,False
CVE-2019-86475,2019,Crypto,4.3,5.5,7.0,Medium,False
CVE-2020-84362,2020,Auth,4.5,5.4,5.2,Medium,False
CVE-2023-33371,2023,Memory,2.1,3.4,2.2,Low,False
CVE-2019-99895,2019,Other,6.7,6.3,8.9,Medium,False
CVE-2023-29266,2023,Auth,6.6,7.6,8.7,Medium,False
CVE-2024-29195,2024,Memory,6.1,6.6,6.9,Medium,False
CVE-2023-37315,2023,Memory,6.8,7.1,7.3,Medium,False
CVE-2023-93804,2023,Memory,7.3,7.8,9.0,High,False
CVE-2019-85246,2019,InputValidation,4.5,3.7,6.6,Medium,False
CVE-2020-51581,2020,InputValidation,4.6,5.2,8.2,Medium,False
CVE-2024-55537,2024,InputValidation,5.6,7.2,6.4,Medium,False
CVE-2023-89697,2023,InputValidation,4.8,4.1,8.7,Medium,False
CVE-2023-85265,2023,Crypto,5.1,5.9,7.3,Medium,False
CVE-2023-32184,2023,Memory,4.6,5.0,6.8,Medium,False
CVE-2021-33279,2021,InputValidation,4.0,6.7,4.6,Medium,False
CVE-2018-36570,2018,InputValidation,3.8,5.9,7.2,Low,False
CVE-2023-53030,2023,InputValidation,3.0,3.6,4.7,Low,False
CVE-2023-72245,2023,Auth,6.1,8.2,6.0,Medium,False
CVE-2022-65467,2022,Memory,3.6,5.9,5.2,Low,False
CVE-2024-45133,2024,InputValidation,4.0,4.8,4.5,Medium,False
CVE-2021-88731,2021,Crypto,7.8,5.8,10.0,High,False
CVE-2020-53805,2020,Memory,8.2,8.7,9.6,High,False
CVE-2024-53998,2024,Crypto,6.8,4.0,9.8,Medium,False
CVE-2023-27238,2023,Memory,5.3,7.1,4.7,Medium,False
CVE-2022-91088,2022,Memory,7.0,7.6,7.2,High,False
CVE-2019-78264,2019,Other,3.9,6.0,4.4,Low,False
CVE-2020-58245,2020,Other,3.9,5.3,5.3,Low,False
CVE-2023-33557,2023,Auth,2.5,5.9,5.0,Low,False
CVE-2021-80474,2021,InputValidation,6.4,4.8,8.7,Medium,False
CVE-2024-75667,2024,Memory,6.8,7.1,6.2,Medium,False
CVE-2024-95513,2024,Crypto,4.5,3.9,8.2,Medium,False
CVE-2023-75074,2023,InputValidation,3.4,1.6,6.9,Low,False
CVE-2021-68204,2021,Memory,6.5,7.7,10.0,Medium,False
CVE-2023-35575,2023,InputValidation,5.3,7.4,4.3,Medium,False
CVE-2021-90263,2021,Memory,5.7,3.5,8.5,Medium,False
CVE-2019-86024,2019,Other,3.4,3.5,8.3,Low,False
CVE-2018-30069,2018,InputValidation,5.4,6.9,5.1,Medium,False
CVE-2021-34400,2021,Crypto,6.9,8.6,9.0,Medium,False
CVE-2024-34146,2024,InputValidation,5.6,6.0,7.3,Medium,False
CVE-2020-16846,2020,InputValidation,5.0,4.9,6.1,Medium,False
CVE-2020-50352,2020,InputValidation,4.4,5.7,5.2,Medium,False
CVE-2024-33694,2024,Memory,6.1,9.1,6.0,Medium,False
CVE-2018-31740,2018,Other,5.4,4.0,10.0,Medium,False
CVE-2023-59438,2023,Auth,5.7,5.3,6.6,Medium,False
CVE-2021-40996,2021,Other,5.3,4.3,7.8,Medium,False
CVE-2018-73874,2018,Other,3.8,3.6,4.8,Low,False
CVE-2024-69682,2024,Crypto,3.6,5.7,5.2,Low,False
CVE-2019-54200,2019,Other,6.3,7.4,8.9,Medium,False
CVE-2022-32970,2022,Memory,5.8,7.5,4.6,Medium,False
CVE-2020-20895,2020,Memory,5.3,6.6,6.1,Medium,False
CVE-2018-48071,2018,Memory,6.1,6.6,6.9,Medium,False
CVE-2018-62268,2018,InputValidation,5.6,3.7,6.4,Medium,False
CVE-2019-32258,2019,InputValidation,6.6,7.3,6.6,Medium,False
CVE-2018-98890,2018,InputValidation,5.5,5.9,7.4,Medium,False
CVE-2023-67300,2023,Auth,5.4,6.2,8.0,Medium,False
CVE-2022-71915,2022,InputValidation,5.5,10.0,8.8,Medium,False
CVE-2021-18444,2021,InputValidation,4.7,6.4,5.0,Medium,False
CVE-2021-85147,2021,InputValidation,4.3,4.9,6.0,Medium,False
CVE-2024-86064,2024,Memory,6.5,6.4,8.9,Medium,False
CVE-2024-76535,2024,Auth,6.7,8.2,8.8,Medium,False
CVE-2023-13760,2023,Memory,4.7,7.2,4.5,Medium,False
CVE-2024-46884,2024,Other,2.6,2.8,6.7,Low,False
CVE-2021-97477,2021,Auth,4.1,7.9,3.5,Medium,False
CVE-2021-36022,2021,Memory,5.7,6.0,6.8,Medium,False
CVE-2022-64504,2022,Memory,9.3,9.8,10.0,Critical,True
CVE-2023-53130,2023,Auth,5.6,8.1,5.4,Medium,False
CVE-2022-53881,2022,Auth,4.9,5.8,5.2,Medium,False
CVE-2021-72399,2021,Auth,7.6,8.4,8.6,High,False
CVE-2024-46451,2024,Auth,3.9,6.6,4.0,Low,False
CVE-2024-61413,2024,Memory,6.2,8.3,6.0,Medium,False
CVE-2021-72278,2021,InputValidation,5.4,6.7,7.9,Medium,False
CVE-2023-39639,2023,Memory,5.4,5.7,5.5,Medium,False
CVE-2020-44621,2020,Other,4.3,4.0,5.9,Medium,False
CVE-2019-23079,2019,Crypto,6.4,7.0,8.2,Medium,False
CVE-2021-16895,2021,InputValidation,4.6,5.5,7.4,Medium,False
CVE-2021-62142,2021,Memory,6.2,6.4,7.3,Medium,False
CVE-2018-22552,2018,InputValidation,6.0,4.6,5.8,Medium,False
CVE-2023-58821,2023,InputValidation,5.0,6.6,7.5,Medium,False
CVE-2021-43630,2021,Auth,6.6,9.6,7.2,Medium,False
CVE-2022-80063,2022,Crypto,4.7,3.9,7.1,Medium,False
CVE-2018-22247,2018,Other,5.1,5.0,5.6,Medium,False
CVE-2019-27603,2019,InputValidation,5.7,8.1,6.8,Medium,False
CVE-2024-55564,2024,Memory,2.8,6.9,5.1,Low,False
CVE-2022-10527,2022,Auth,6.9,7.2,6.9,Medium,False
CVE-2024-66521,2024,Auth,4.8,4.9,5.0,Medium,False
CVE-2024-78458,2024,Crypto,3.2,6.1,4.7,Low,False
CVE-2021-15849,2021,Auth,5.0,6.2,7.2,Medium,False
CVE-2020-60314,2020,InputValidation,7.3,7.5,7.4,High,False
CVE-2024-55724,2024,InputValidation,7.7,7.8,8.5,High,False
CVE-2024-27230,2024,InputValidation,7.5,9.9,6.7,High,False
CVE-2023-82495,2023,Memory,6.2,7.9,7.8,Medium,False
CVE-2023-52730,2023,Memory,6.4,7.5,8.0,Medium,False
CVE-2023-95203,2023,Memory,6.0,7.3,7.8,Medium,False
CVE-2021-13323,2021,Crypto,5.1,5.0,5.0,Medium,False
CVE-2022-10445,2022,InputValidation,4.9,6.5,7.1,Medium,False
CVE-2024-92945,2024,InputValidation,4.6,5.6,7.3,Medium,False
CVE-2023-19963,2023,Other,5.7,5.3,6.6,Medium,False
CVE-2018-60511,2018,Memory,5.3,9.0,3.5,Medium,False
CVE-2021-25437,2021,InputValidation,5.7,4.5,6.7,Medium,False
CVE-2019-26855,2019,Auth,6.7,8.2,10.0,Medium,False
CVE-2020-91947,2020,Memory,6.4,9.0,6.6,Medium,False
CVE-2024-20847,2024,Memory,4.4,6.8,5.6,Medium,False
CVE-2018-13236,2018,InputValidation,4.0,2.8,6.7,Medium,False
CVE-2020-71897,2020,Memory,4.3,6.1,7.3,Medium,False
CVE-2021-23487,2021,Other,6.1,6.9,9.0,Medium,False
CVE-2022-87384,2022,Auth,3.5,6.5,4.5,Low,False
CVE-2022-72423,2022,Crypto,5.3,4.0,7.6,Medium,False
CVE-2020-23155,2020,Other,5.4,4.2,7.4,Medium,False
CVE-2019-21255,2019,Auth,4.6,7.8,6.8,Medium,False
CVE-2020-11979,2020,Memory,7.4,7.8,7.7,High,False
CVE-2022-31305,2022,Other,7.3,4.6,8.3,High,False
CVE-2020-84543,2020,InputValidation,5.6,5.4,8.2,Medium,False
CVE-2024-45094,2024,Auth,4.0,5.9,4.6,Medium,False
CVE-2022-45098,2022,Other,6.9,3.6,7.7,Medium,False
CVE-2018-99566,2018,InputValidation,5.3,8.4,7.1,Medium,False
CVE-2023-43770,2023,Memory,5.5,6.5,6.9,Medium,False
CVE-2021-19734,2021,Memory,6.8,8.8,7.4,Medium,False
CVE-2023-81984,2023,InputValidation,7.3,8.3,6.9,High,False
CVE-2020-49605,2020,Auth,7.2,8.0,9.2,High,True
CVE-2022-87932,2022,Other,4.0,4.4,6.2,Medium,False
CVE-2023-65619,2023,Memory,4.5,7.6,5.0,Medium,False
CVE-2024-37881,2024,InputValidation,4.7,6.0,6.0,Medium,False
CVE-2020-73401,2020,InputValidation,3.9,4.6,6.8,Low,False
CVE-2021-41177,2021,Memory,6.8,7.5,9.2,Medium,False
CVE-2022-50122,2022,Memory,4.8,5.2,7.6,Medium,False
CVE-2024-45297,2024,InputValidation,4.4,7.8,5.5,Medium,False
CVE-2024-46680,2024,Other,6.7,4.3,10.0,Medium,False
CVE-2019-93452,2019,InputValidation,5.2,6.3,7.2,Medium,False
CVE-2019-61044,2019,InputValidation,5.2,6.4,9.1,Medium,False
CVE-2022-54084,2022,Auth,5.1,6.1,6.4,Medium,False
CVE-2019-44189,2019,InputValidation,6.0,6.9,7.8,Medium,False
CVE-2021-23510,2021,Other,3.6,4.3,7.9,Low,False
CVE-2019-32152,2019,Other,6.4,6.3,9.0,Medium,False
CVE-2023-94738,2023,InputValidation,4.1,4.0,8.2,Medium,False
CVE-2024-36445,2024,InputValidation,7.3,6.2,8.3,High,False
CVE-2024-86688,2024,InputValidation,6.8,8.9,6.7,Medium,False
CVE-2021-81153,2021,InputValidation,3.9,4.5,5.4,Low,False
CVE-2022-11195,2022,Memory,4.9,6.0,7.3,Medium,False
CVE-2024-69949,2024,Crypto,5.9,6.3,8.4,Medium,False
CVE-2019-35433,2019,InputValidation,5.7,6.3,6.4,Medium,False
CVE-2023-15305,2023,Memory,6.6,7.5,8.9,Medium,False
CVE-2021-68860,2021,InputValidation,6.3,6.7,9.5,Medium,False
CVE-2020-83613,2020,Other,4.7,6.0,5.0,Medium,False
CVE-2021-58648,2021,Memory,5.5,8.7,5.7,Medium,False
CVE-2018-73090,2018,Memory,5.6,7.6,6.8,Medium,False
CVE-2023-52113,2023,InputValidation,3.6,5.6,7.2,Low,False
CVE-2020-52642,2020,Other,5.7,6.0,5.8,Medium,False
CVE-2021-43062,2021,Memory,8.1,9.8,9.9,High,False
CVE-2019-81633,2019,Crypto,4.6,5.3,7.3,Medium,False
CVE-2024-51604,2024,Auth,6.3,5.0,6.6,Medium,False
CVE-2022-16678,2022,Memory,5.7,8.7,4.6,Medium,False
CVE-2022-42121,2022,Auth,3.7,6.3,4.4,Low,False
CVE-2022-58503,2022,InputValidation,4.6,2.7,6.6,Medium,False
CVE-2021-96940,2021,Crypto,4.6,6.8,3.0,Medium,False
CVE-2020-81279,2020,Crypto,5.6,4.7,8.3,Medium,False
CVE-2023-26494,2023,InputValidation,4.7,5.9,6.4,Medium,False
CVE-2019-54185,2019,Memory,7.4,7.5,10.0,High,False
CVE-2019-19678,2019,Auth,6.5,6.8,10.0,Medium,False
CVE-2023-47632,2023,InputValidation,6.1,7.1,6.6,Medium,False
CVE-2020-56235,2020,Memory,3.8,6.3,6.6,Low,False
CVE-2021-11648,2021,Memory,6.4,7.8,8.8,Medium,False
CVE-2022-91213,2022,Crypto,7.3,5.1,9.6,High,False
CVE-2022-98301,2022,Crypto,3.9,6.6,3.9,Low,False
CVE-2023-77917,2023,Memory,4.5,7.9,3.9,Medium,False
CVE-2023-26489,2023,InputValidation,3.8,4.6,5.3,Low,False
CVE-2023-87281,2023,Memory,5.9,8.6,8.3,Medium,False
CVE-2023-15818,2023,Crypto,3.2,4.7,7.3,Low,False
CVE-2020-43149,2020,Memory,6.8,8.2,9.1,Medium,False
CVE-2021-37312,2021,Crypto,4.6,6.1,4.6,Medium,False
CVE-2021-47124,2021,InputValidation,5.0,8.8,3.1,Medium,False
CVE-2021-11316,2021,Other,5.0,4.7,8.0,Medium,False
CVE-2024-80990,2024,Memory,5.0,6.5,5.3,Medium,False
CVE-2023-70046,2023,InputValidation,4.8,6.0,3.1,Medium,False
CVE-2019-88643,2019,Memory,5.4,6.5,7.1,Medium,False
CVE-2018-79610,2018,Other,5.4,6.2,8.2,Medium,False
CVE-2018-96724,2018,Other,3.3,2.6,5.8,Low,False
CVE-2020-74042,2020,InputValidation,4.7,4.4,5.6,Medium,False
CVE-2019-33102,2019,Crypto,5.3,3.9,6.0,Medium,False
CVE-2022-41957,2022,Auth,5.4,7.9,6.4,Medium,False
CVE-2024-22872,2024,Crypto,5.4,8.1,4.7,Medium,False
CVE-2023-60094,2023,InputValidation,5.0,5.8,5.4,Medium,False
CVE-2020-57719,2020,Memory,5.1,6.7,7.8,Medium,False
CVE-2021-83885,2021,Memory,6.0,7.1,7.5,Medium,False
CVE-2022-29693,2022,Other,4.5,6.7,7.2,Medium,False
CVE-2023-60478,2023,Other,2.1,3.6,4.4,Low,False
CVE-2024-53677,2024,Crypto,5.4,5.9,6.3,Medium,True
CVE-2024-70012,2024,InputValidation,4.3,7.5,3.1,Medium,False
CVE-2022-20760,2022,InputValidation,5.9,6.8,7.2,Medium,False
CVE-2023-21584,2023,Auth,6.5,6.8,9.4,Medium,False
CVE-2019-12106,2019,Other,3.8,6.5,4.1,Low,False
CVE-2022-23669,2022,Other,2.5,0.9,4.6,Low,False
CVE-2020-35223,2020,Auth,5.2,7.5,7.6,Medium,False
CVE-2021-70666,2021,Crypto,6.5,4.5,8.7,Medium,False
CVE-2023-45706,2023,Memory,3.1,4.3,5.5,Low,False
CVE-2020-78019,2020,Memory,5.5,7.8,5.8,Medium,False
CVE-2018-71585,2018,Other,3.7,7.1,3.4,Low,False
CVE-2018-37482,2018,Crypto,5.4,5.3,6.7,Medium,False
CVE-2018-70369,2018,Memory,7.1,8.4,10.0,High,False
CVE-2018-44143,2018,Memory,6.6,9.4,7.9,Medium,False
CVE-2019-34240,2019,Crypto,6.6,7.5,7.0,Medium,False
CVE-2020-20015,2020,Memory,7.1,9.5,8.0,High,False
CVE-2020-92164,2020,Memory,6.6,8.1,7.1,Medium,False
CVE-2024-73023,2024,InputValidation,4.0,6.1,5.3,Medium,False
CVE-2021-61500,2021,Crypto,3.3,3.1,7.6,Low,False
CVE-2019-73925,2019,Crypto,5.1,5.1,6.9,Medium,False
CVE-2022-90596,2022,Memory,4.9,5.7,6.7,Medium,True
CVE-2024-59631,2024,Auth,6.9,9.8,5.7,Medium,False
CVE-2023-86190,2023,Memory,6.3,6.7,9.2,Medium,False
CVE-2020-73652,2020,InputValidation,5.9,6.2,7.9,Medium,False
CVE-2022-61087,2022,Auth,4.2,7.3,6.0,Medium,False
CVE-2023-89789,2023,Crypto,7.2,5.6,8.4,High,False
CVE-2023-64909,2023,Auth,6.2,9.0,6.4,Medium,False
CVE-2023-21565,2023,Crypto,4.6,4.6,5.0,Medium,False
CVE-2024-37597,2024,Crypto,4.0,5.8,5.3,Medium,False
CVE-2024-75623,2024,Memory,4.3,5.9,3.5,Medium,False
CVE-2022-19432,2022,InputValidation,3.6,4.0,7.2,Low,False
CVE-2021-84300,2021,InputValidation,4.0,5.1,3.2,Medium,False
CVE-2023-75714,2023,Memory,4.6,6.9,4.7,Medium,False
CVE-2023-59314,2023,Other,3.2,4.4,2.6,Low,False
CVE-2018-51965,2018,InputValidation,5.3,5.0,6.3,Medium,False
CVE-2024-94268,2024,Other,2.7,2.9,5.8,Low,False
CVE-2020-77957,2020,Crypto,4.2,5.4,6.0,Medium,False
CVE-2022-53715,2022,Auth,4.1,4.2,4.5,Medium,False
CVE-2024-63450,2024,InputValidation,6.7,7.1,4.8,Medium,False
CVE-2020-96062,2020,Crypto,5.3,5.6,7.5,Medium,False
CVE-2022-71902,2022,InputValidation,4.3,3.8,5.3,Medium,False
CVE-2019-38317,2019,Memory,5.6,6.5,7.4,Medium,False
CVE-2021-76753,2021,Auth,5.9,5.4,5.0,Medium,False
CVE-2019-45242,2019,InputValidation,4.2,6.5,7.1,Medium,False
CVE-2021-10929,2021,Memory,7.6,9.0,9.6,High,False
CVE-2021-23580,2021,Crypto,2.8,2.7,7.1,Low,False
CVE-2024-30742,2024,Memory,3.5,7.2,6.2,Low,False
CVE-2024-27833,2024,Other,5.1,4.8,6.9,Medium,False
CVE-2019-81347,2019,Other,5.2,6.0,6.3,Medium,False
CVE-2023-84155,2023,Other,4.7,5.3,6.6,Medium,False
CVE-2018-99791,2018,InputValidation,4.4,4.9,5.9,Medium,False
CVE-2018-23527,2018,Memory,7.9,6.5,6.5,High,True
CVE-2019-68139,2019,Other,4.1,3.8,6.6,Medium,False
CVE-2024-79585,2024,InputValidation,5.8,7.6,5.2,Medium,False
CVE-2024-51057,2024,Other,3.6,5.0,4.7,Low,False
CVE-2020-77439,2020,Other,5.5,7.9,4.6,Medium,False
CVE-2019-54261,2019,Other,3.5,4.9,3.6,Low,False
CVE-2020-80912,2020,InputValidation,3.7,4.9,4.3,Low,False
CVE-2022-10042,2022,InputValidation,5.7,3.7,6.5,Medium,False
CVE-2022-32769,2022,Other,3.9,2.3,4.4,Low,False
CVE-2020-77113,2020,InputValidation,4.6,3.6,7.1,Medium,False
CVE-2023-87918,2023,Memory,4.1,7.4,7.0,Medium,False
CVE-2021-32449,2021,Crypto,3.8,6.3,3.2,Low,False
CVE-2024-48653,2024,Other,6.2,2.6,7.2,Medium,False
CVE-2023-38859,2023,Crypto,6.0,6.8,8.3,Medium,False
CVE-2021-18576,2021,Crypto,4.9,4.8,4.7,Medium,False
CVE-2023-55874,2023,Memory,7.2,7.2,7.7,High,False
CVE-2023-87199,2023,Crypto,5.8,7.9,5.5,Medium,False
CVE-2020-46345,2020,Other,4.8,6.3,6.9,Medium,False
CVE-2021-80780,2021,Memory,2.8,6.6,4.5,Low,False
CVE-2024-79428,2024,InputValidation,4.0,4.7,3.2,Medium,False
CVE-2019-14321,2019,Other,2.4,1.8,5.2,Low,False
CVE-2018-15776,2018,Auth,5.0,5.4,6.4,Medium,False
CVE-2022-26119,2022,Crypto,3.6,5.2,5.8,Low,False
CVE-2023-40569,2023,Auth,3.8,5.0,4.4,Low,False
CVE-2023-48596,2023,InputValidation,4.9,5.8,5.9,Medium,False
CVE-2024-62967,2024,InputValidation,5.7,6.1,7.2,Medium,True
CVE-2022-43063,2022,Auth,4.4,6.2,6.7,Medium,False
CVE-2019-32340,2019,Auth,6.1,5.5,6.9,Medium,False
CVE-2022-85723,2022,Other,4.0,5.3,5.3,Medium,False
CVE-2023-65430,2023,Other,4.5,5.7,8.7,Medium,False
CVE-2019-16668,2019,InputValidation,3.6,4.4,4.3,Low,False
CVE-2019-90880,2019,InputValidation,6.6,8.1,8.0,Medium,False
CVE-2018-18195,2018,Auth,6.3,6.4,8.9,Medium,False
CVE-2022-92097,2022,Crypto,6.4,5.5,7.5,Medium,True
CVE-2024-67995,2024,Auth,5.7,7.6,6.6,Medium,False
CVE-2023-97834,2023,Auth,5.2,6.8,5.9,Medium,False
CVE-2024-48250,2024,Other,5.2,6.4,8.7,Medium,False
CVE-2018-26076,2018,InputValidation,5.2,6.4,4.2,Medium,False
CVE-2024-25376,2024,InputValidation,4.3,5.1,4.8,Medium,False
CVE-2023-65839,2023,Memory,5.4,7.5,6.3,Medium,False
CVE-2021-74723,2021,Crypto,3.5,3.8,8.5,Low,False
CVE-2024-53442,2024,Memory,7.2,7.2,7.6,High,False
CVE-2020-15392,2020,InputValidation,3.6,6.0,4.9,Low,False
CVE-2024-37106,2024,InputValidation,4.4,5.7,6.1,Medium,False
CVE-2024-89845,2024,InputValidation,5.1,5.8,5.6,Medium,False
CVE-2023-34809,2023,Crypto,2.3,2.7,4.8,Low,False
CVE-2022-10693,2022,Memory,4.8,6.2,8.5,Medium,False
CVE-2019-69821,2019,Memory,3.2,7.1,4.5,Low,False
CVE-2022-84159,2022,Auth,7.2,6.7,9.7,High,False
CVE-2021-84710,2021,InputValidation,4.6,4.5,7.9,Medium,False
CVE-2023-21352,2023,Memory,9.6,8.9,9.2,Critical,False
CVE-2023-62196,2023,InputValidation,3.5,4.7,5.6,Low,False
CVE-2024-81066,2024,Auth,5.3,8.0,6.8,Medium,False
CVE-2018-14992,2018,Memory,4.7,7.6,4.4,Medium,False
CVE-2023-63076,2023,Crypto,4.4,4.5,5.5,Medium,False
CVE-2024-33354,2024,Memory,6.9,9.7,8.3,Medium,False
CVE-2023-13312,2023,Memory,6.2,5.2,8.9,Medium,False
CVE-2019-55833,2019,InputValidation,4.4,7.4,5.0,Medium,False
CVE-2019-14318,2019,InputValidation,4.6,7.5,6.3,Medium,False
CVE-2018-76003,2018,Crypto,3.0,4.5,6.1,Low,False
CVE-2023-37192,2023,Auth,3.8,8.6,4.7,Low,False
CVE-2023-99199,2023,Other,4.6,4.6,7.5,Medium,False
CVE-2024-47489,2024,InputValidation,4.8,6.4,5.5,Medium,False
CVE-2021-50309,2021,InputValidation,4.8,6.4,6.4,Medium,False
CVE-2021-38273,2021,Auth,6.1,6.3,5.9,Medium,False
CVE-2023-57553,2023,InputValidation,6.3,7.2,5.5,Medium,False
CVE-2024-39473,2024,InputValidation,5.5,7.2,6.9,Medium,False
CVE-2024-71410,2024,Memory,2.9,4.4,6.0,Low,False
CVE-2023-23679,2023,Memory,5.9,9.0,6.6,Medium,False
CVE-2021-55310,2021,Other,2.7,2.5,4.7,Low,False
CVE-2023-93406,2023,Auth,5.9,8.0,7.7,Medium,False
CVE-2024-70683,2024,Crypto,6.3,7.2,9.9,Medium,False
CVE-2022-35992,2022,InputValidation,4.0,4.4,6.6,Medium,False
CVE-2020-39433,2020,Memory,5.7,6.4,8.6,Medium,False
CVE-2019-86574,2019,Memory,3.6,5.3,4.1,Low,False
CVE-2018-35933,2018,InputValidation,5.4,5.7,6.9,Medium,False
CVE-2023-55020,2023,InputValidation,4.6,5.5,4.6,Medium,False
CVE-2019-39236,2019,Auth,4.4,7.7,4.4,Medium,False
CVE-2020-68735,2020,Crypto,6.5,7.5,5.7,Medium,False
CVE-2020-19770,2020,InputValidation,6.2,8.1,9.3,Medium,False
CVE-2022-79285,2022,Other,3.7,4.2,8.0,Low,False
CVE-2021-45271,2021,Auth,5.8,6.2,7.2,Medium,False
CVE-2023-83391,2023,Crypto,2.2,3.0,3.3,Low,False
CVE-2018-33439,2018,Crypto,4.6,4.3,6.0,Medium,False
CVE-2019-21101,2019,InputValidation,4.2,7.4,7.5,Medium,False
CVE-2022-92319,2022,Memory,8.1,9.4,7.7,High,False
CVE-2021-54917,2021,InputValidation,3.8,4.1,3.0,Low,False
CVE-2020-93459,2020,Auth,3.3,5.6,5.0,Low,False
CVE-2018-90562,2018,Memory,4.5,7.0,6.8,Medium,False
CVE-2024-51196,2024,Memory,7.6,7.4,7.9,High,False
CVE-2023-33569,2023,Memory,3.2,5.8,2.7,Low,False
CVE-2019-51887,2019,Memory,5.2,7.6,6.7,Medium,False
CVE-2018-30893,2018,Other,2.7,4.3,6.6,Low,False
CVE-2024-97971,2024,Auth,5.7,6.5,8.3,Medium,False
CVE-2023-65304,2023,InputValidation,5.9,6.8,8.1,Medium,False
CVE-2021-42399,2021,Memory,6.7,7.0,8.0,Medium,False
CVE-2023-35236,2023,InputValidation,3.3,5.3,5.1,Low,False
CVE-2023-95870,2023,InputValidation,2.7,5.8,3.2,Low,False
CVE-2023-59531,2023,Memory,5.8,6.9,6.2,Medium,False
CVE-2022-90570,2022,InputValidation,6.4,5.4,8.4,Medium,False
CVE-2021-19442,2021,InputValidation,4.7,5.6,9.1,Medium,False
CVE-2018-66437,2018,Crypto,7.4,7.9,8.4,High,False
CVE-2024-70342,2024,Crypto,5.7,6.3,7.5,Medium,False
CVE-2022-88179,2022,Memory,6.6,6.6,7.5,Medium,False
CVE-2020-45069,2020,InputValidation,5.3,7.0,5.9,Medium,False
CVE-2024-83246,2024,Crypto,2.7,5.0,6.3,Low,False
CVE-2024-48560,2024,InputValidation,7.0,7.8,10.0,High,False
CVE-2024-68070,2024,Other,5.3,5.6,4.9,Medium,False
CVE-2024-52427,2024,Crypto,5.2,5.3,9.5,Medium,False
CVE-2024-70496,2024,Memory,5.5,7.7,6.5,Medium,False
CVE-2020-74557,2020,Memory,5.3,4.6,8.8,Medium,False
CVE-2024-82752,2024,Crypto,1.0,3.8,3.7,Low,False
CVE-2024-87248,2024,Memory,6.6,5.2,7.6,Medium,False
CVE-2020-80441,2020,Crypto,3.9,5.7,5.3,Low,False
CVE-2019-58534,2019,Other,5.5,7.6,4.5,Medium,False
CVE-2024-37930,2024,Crypto,6.7,8.8,7.7,Medium,False
CVE-2020-99042,2020,InputValidation,7.3,7.0,8.7,High,False
CVE-2024-17288,2024,Crypto,5.2,6.3,5.2,Medium,False
CVE-2018-91122,2018,InputValidation,2.8,3.3,3.5,Low,False
CVE-2018-71518,2018,InputValidation,4.1,5.2,6.4,Medium,True
CVE-2022-42400,2022,Other,4.8,3.8,6.1,Medium,False
CVE-2020-11567,2020,InputValidation,3.7,5.1,7.5,Low,False
CVE-2023-57878,2023,Other,5.8,4.7,8.2,Medium,False
CVE-2022-58850,2022,Other,3.5,4.3,6.3,Low,False
CVE-2018-11094,2018,Memory,6.5,4.0,9.6,Medium,False
CVE-2019-21135,2019,Memory,6.5,8.1,7.5,Medium,False
CVE-2021-89044,2021,Memory,5.3,5.4,6.0,Medium,False
CVE-2020-55113,2020,Memory,4.9,7.4,4.1,Medium,False
CVE-2023-68791,2023,Memory,5.6,10.0,7.0,Medium,False
CVE-2021-19684,2021,Crypto,3.5,4.1,5.7,Low,False
CVE-2019-81727,2019,Memory,5.1,3.2,7.9,Medium,False
CVE-2022-93378,2022,InputValidation,5.5,5.6,7.4,Medium,False
CVE-2019-68552,2019,Auth,6.5,8.2,5.0,Medium,False
CVE-2019-18046,2019,Memory,7.5,9.9,7.8,High,False
CVE-2020-14934,2020,Auth,4.3,4.7,7.6,Medium,False
CVE-2024-69556,2024,InputValidation,5.9,6.7,9.6,Medium,False
CVE-2024-56806,2024,Memory,6.0,6.3,8.4,Medium,False
CVE-2024-11354,2024,Crypto,3.6,5.3,7.9,Low,False
CVE-2021-63046,2021,Crypto,8.3,9.5,7.5,High,False
CVE-2020-75064,2020,Other,4.3,2.7,6.7,Medium,False
CVE-2022-67184,2022,Auth,7.4,6.9,9.1,High,False
CVE-2023-12963,2023,Auth,3.7,7.2,4.5,Low,False
CVE-2024-37424,2024,InputValidation,6.8,7.6,6.4,Medium,False
CVE-2019-90039,2019,Memory,7.1,7.1,5.5,High,False
CVE-2018-13042,2018,Auth,4.9,7.0,7.6,Medium,False
CVE-2023-17139,2023,Auth,6.6,5.9,8.9,Medium,False
CVE-2024-21226,2024,Other,4.6,5.4,5.5,Medium,False
CVE-2024-90298,2024,InputValidation,2.3,5.5,2.3,Low,False
CVE-2023-93652,2023,InputValidation,5.8,6.9,6.1,Medium,False
CVE-2024-48108,2024,Auth,6.5,5.9,8.3,Medium,False
CVE-2022-80647,2022,InputValidation,5.4,6.6,7.8,Medium,False
CVE-2024-78617,2024,Other,6.0,5.0,7.3,Medium,False
CVE-2024-39815,2024,Other,4.1,6.7,6.3,Medium,False
CVE-2024-17802,2024,InputValidation,3.2,5.9,4.4,Low,False
CVE-2021-52230,2021,Auth,4.7,3.8,7.2,Medium,False
CVE-2020-73372,2020,Auth,5.9,8.4,5.7,Medium,False
CVE-2022-64020,2022,Memory,5.7,5.6,10.0,Medium,False
CVE-2022-93449,2022,Other,5.3,4.0,7.3,Medium,False
CVE-2024-27465,2024,InputValidation,4.9,5.1,5.5,Medium,False
CVE-2019-17994,2019,Auth,6.8,8.6,6.1,Medium,False
CVE-2020-13531,2020,InputValidation,3.6,2.8,5.9,Low,False
CVE-2023-19343,2023,Other,7.3,9.7,7.0,High,False
CVE-2019-69066,2019,InputValidation,6.3,7.6,9.0,Medium,False
CVE-2021-16229,2021,Memory,7.6,7.3,7.3,High,True
CVE-2021-92124,2021,Other,3.6,4.9,5.2,Low,False
CVE-2023-98704,2023,Memory,8.7,7.4,10.0,High,False
CVE-2019-54789,2019,InputValidation,5.7,6.8,6.9,Medium,False
CVE-2024-54069,2024,Other,4.6,6.0,8.1,Medium,False
CVE-2022-97402,2022,Other,5.9,5.8,5.6,Medium,False
CVE-2024-19524,2024,Crypto,5.4,5.6,7.3,Medium,False
CVE-2022-98074,2022,Crypto,5.7,5.2,7.1,Medium,False
CVE-2020-96762,2020,InputValidation,4.9,5.8,3.3,Medium,False
CVE-2019-73103,2019,InputValidation,6.6,5.7,10.0,Medium,False
CVE-2018-18103,2018,InputValidation,6.4,7.7,9.4,Medium,False
CVE-2022-68581,2022,Crypto,6.0,6.4,6.1,Medium,False
CVE-2019-93938,2019,Auth,2.7,2.1,3.9,Low,False
CVE-2021-64203,2021,Auth,6.7,7.5,7.6,Medium,False
CVE-2022-25090,2022,Auth,3.9,6.8,7.0,Low,False
CVE-2020-25915,2020,Memory,6.3,7.0,7.5,Medium,False
CVE-2019-51477,2019,InputValidation,4.6,5.4,6.9,Medium,False
CVE-2023-66987,2023,Memory,8.1,8.7,8.1,High,False
CVE-2024-63238,2024,InputValidation,7.3,7.4,9.6,High,False
CVE-2019-97047,2019,InputValidation,5.2,4.8,7.5,Medium,False
CVE-2019-25029,2019,Other,4.8,5.6,4.7,Medium,False
CVE-2024-99067,2024,InputValidation,4.6,4.5,8.9,Medium,False
CVE-2018-63520,2018,Memory,7.1,4.9,9.4,High,False
CVE-2024-80053,2024,Memory,8.0,6.1,10.0,High,False
CVE-2018-61464,2018,Auth,5.7,7.8,5.0,Medium,False
CVE-2024-31961,2024,Crypto,7.1,6.9,7.3,High,False
CVE-2021-36835,2021,Memory,4.3,7.8,3.3,Medium,False
CVE-2024-37725,2024,Memory,5.9,8.1,8.1,Medium,False
CVE-2021-35357,2021,Auth,5.5,7.3,6.0,Medium,False
CVE-2023-11244,2023,Memory,6.8,6.0,10.0,Medium,False
CVE-2019-77952,2019,Auth,5.0,7.1,5.5,Medium,False
CVE-2020-58061,2020,Auth,5.4,7.7,4.0,Medium,False
CVE-2023-16490,2023,Memory,6.2,8.1,6.3,Medium,False
CVE-2022-87219,2022,Memory,4.5,8.8,3.7,Medium,False
CVE-2024-15839,2024,Other,6.2,6.1,8.1,Medium,False
CVE-2021-34992,2021,InputValidation,4.9,6.5,3.1,Medium,False
CVE-2024-54938,2024,InputValidation,6.2,7.6,7.1,Medium,False
CVE-2022-66249,2022,Auth,5.1,6.5,3.1,Medium,False
CVE-2024-54735,2024,Other,3.0,3.7,5.7,Low,False
CVE-2024-60734,2024,Other,6.1,4.8,9.4,Medium,False
CVE-2021-57080,2021,Auth,4.2,5.4,7.2,Medium,False
CVE-2024-84460,2024,InputValidation,3.3,5.0,4.9,Low,False
CVE-2024-91457,2024,Memory,5.1,6.8,6.8,Medium,False
CVE-2020-34260,2020,Auth,4.2,5.3,6.6,Medium,False
CVE-2023-69607,2023,Crypto,4.7,5.0,7.4,Medium,False
CVE-2018-71852,2018,InputValidation,2.9,3.2,3.7,Low,False
CVE-2024-38380,2024,Other,6.0,5.3,7.6,Medium,False
CVE-2019-94347,2019,Memory,3.8,7.0,2.0,Low,False
CVE-2018-81257,2018,InputValidation,3.0,4.8,5.3,Low,False
CVE-2021-51191,2021,Memory,6.8,8.0,6.2,Medium,False
CVE-2022-14930,2022,InputValidation,5.6,7.4,8.1,Medium,False
CVE-2024-14353,2024,Memory,4.5,4.6,6.5,Medium,False
CVE-2024-17832,2024,Memory,4.6,5.9,4.1,Medium,False
CVE-2021-59554,2021,Memory,4.7,5.8,4.9,Medium,False
CVE-2018-98487,2018,Crypto,5.3,4.1,6.7,Medium,False
CVE-2023-64017,2023,Auth,6.4,7.7,6.9,Medium,False
CVE-2022-67298,2022,Crypto,3.8,5.2,5.5,Low,False
CVE-2022-61389,2022,Other,6.0,4.6,5.6,Medium,False
CVE-2021-83306,2021,InputValidation,4.4,3.0,7.4,Medium,False
CVE-2022-35525,2022,InputValidation,5.2,7.0,6.0,Medium,False
CVE-2021-92092,2021,Other,4.6,3.1,6.0,Medium,False
CVE-2023-90630,2023,Memory,7.0,7.1,10.0,High,False
CVE-2022-83471,2022,Other,4.4,5.4,4.0,Medium,False
CVE-2024-78211,2024,Memory,7.5,9.0,4.0,High,False
CVE-2022-41280,2022,Other,4.1,3.0,7.5,Medium,False
CVE-2020-21240,2020,Memory,2.9,2.5,4.8,Low,False
CVE-2024-75092,2024,Other,4.8,5.3,6.0,Medium,False
CVE-2022-79541,2022,InputValidation,6.9,8.7,5.8,Medium,False
CVE-2020-72851,2020,Other,4.3,6.9,6.4,Medium,False
CVE-2023-16544,2023,Memory,5.3,7.3,9.8,Medium,False
CVE-2021-67981,2021,Crypto,4.7,4.8,7.9,Medium,False
CVE-2024-27332,2024,Other,4.6,6.2,8.3,Medium,False
CVE-2022-36836,2022,InputValidation,3.3,4.5,3.9,Low,False
CVE-2023-24388,2023,Crypto,5.0,6.2,4.7,Medium,False
CVE-2019-11694,2019,Crypto,2.9,6.3,1.6,Low,False
CVE-2021-96677,2021,InputValidation,4.3,7.6,5.6,Medium,False
CVE-2024-98202,2024,Crypto,7.6,9.6,9.1,High,False
CVE-2023-59294,2023,Crypto,6.3,6.1,7.6,Medium,False
CVE-2019-48769,2019,Other,2.9,4.2,5.9,Low,False
CVE-2020-49420,2020,Memory,6.3,7.0,6.9,Medium,False
CVE-2021-47855,2021,InputValidation,4.2,3.3,4.9,Medium,False
CVE-2023-11460,2023,Other,5.2,4.0,6.7,Medium,False
CVE-2023-57646,2023,Other,5.9,4.4,7.8,Medium,False
CVE-2023-51252,2023,InputValidation,5.6,5.2,3.6,Medium,False
CVE-2022-19835,2022,Crypto,5.0,5.7,7.2,Medium,False
CVE-2023-20910,2023,InputValidation,5.3,4.8,8.1,Medium,False
CVE-2021-92757,2021,Memory,5.9,8.7,6.5,Medium,False
CVE-2019-18463,2019,InputValidation,5.7,6.0,8.0,Medium,False
CVE-2022-23336,2022,InputValidation,7.6,6.0,10.0,High,False
CVE-2024-36534,2024,Crypto,3.6,5.0,6.3,Low,False
CVE-2023-12369,2023,Memory,5.4,7.2,7.7,Medium,False
CVE-2022-35381,2022,Other,6.0,6.2,5.4,Medium,False
CVE-2023-95094,2023,Other,5.1,3.7,6.6,Medium,False
CVE-2024-97905,2024,Crypto,4.5,4.5,7.2,Medium,False
CVE-2021-35407,2021,InputValidation,5.8,5.5,7.0,Medium,False
CVE-2021-72552,2021,InputValidation,3.9,4.0,4.5,Low,False
CVE-2024-45939,2024,Auth,6.2,5.3,6.9,Medium,False
CVE-2024-77576,2024,Crypto,5.7,4.8,9.1,Medium,False
CVE-2021-98652,2021,Memory,7.4,8.3,8.0,High,False
CVE-2022-36170,2022,Other,7.7,5.4,8.3,High,False
CVE-2021-81908,2021,Auth,5.9,6.8,6.4,Medium,False
CVE-2019-32369,2019,Other,5.9,6.3,8.1,Medium,False
CVE-2024-83098,2024,Auth,6.1,6.3,7.3,Medium,False
CVE-2021-54544,2021,Crypto,4.4,6.1,5.0,Medium,False
CVE-2024-15900,2024,InputValidation,7.3,5.8,7.2,High,False
CVE-2020-50733,2020,Other,4.5,5.4,4.8,Medium,False
CVE-2022-97236,2022,Other,3.7,4.1,5.2,Low,False
CVE-2018-10589,2018,Memory,3.4,3.3,6.5,Low,False
CVE-2023-70044,2023,Memory,6.7,6.8,7.4,Medium,True
CVE-2022-75311,2022,InputValidation,6.2,8.1,5.0,Medium,False
CVE-2023-67926,2023,Auth,6.4,7.9,9.0,Medium,False
CVE-2018-80599,2018,Other,6.3,6.4,7.8,Medium,False
CVE-2020-95553,2020,Memory,4.9,8.9,6.0,Medium,False
CVE-2018-93910,2018,Crypto,4.3,5.6,3.9,Medium,False
CVE-2020-98435,2020,InputValidation,5.7,6.3,6.5,Medium,False
CVE-2023-59008,2023,Other,5.4,4.1,5.5,Medium,False
CVE-2022-76794,2022,Auth,4.7,6.0,6.9,Medium,False
CVE-2022-89134,2022,Auth,4.7,7.4,6.3,Medium,False
CVE-2022-12866,2022,InputValidation,4.1,7.8,3.4,Medium,False
CVE-2020-62890,2020,InputValidation,3.8,5.8,6.0,Low,False
CVE-2020-51504,2020,InputValidation,5.8,5.3,6.0,Medium,False
CVE-2019-63374,2019,Memory,7.4,7.0,8.0,High,False
CVE-2024-39404,2024,Other,5.0,5.9,5.4,Medium,False
CVE-2022-75223,2022,Auth,6.5,4.3,9.4,Medium,False
CVE-2020-10637,2020,Other,2.1,1.6,2.4,Low,False
CVE-2019-25828,2019,Other,5.1,4.2,8.7,Medium,False
CVE-2024-63544,2024,Crypto,3.7,3.7,5.8,Low,False
CVE-2023-55097,2023,Auth,5.4,5.7,8.2,Medium,False
CVE-2023-42022,2023,Other,3.5,4.8,6.6,Low,False
CVE-2021-42202,2021,Auth,6.1,5.8,8.7,Medium,False
CVE-2020-38704,2020,Memory,6.5,9.2,6.6,Medium,False
CVE-2024-33641,2024,InputValidation,5.4,6.5,4.8,Medium,True
CVE-2023-47479,2023,Memory,6.9,7.5,9.5,Medium,False
CVE-2021-88771,2021,Other,5.0,5.9,6.5,Medium,False
CVE-2024-32027,2024,Crypto,3.6,3.8,6.7,Low,False
CVE-2023-52912,2023,Memory,7.3,8.6,9.4,High,False
CVE-2020-81474,2020,Crypto,4.9,5.4,4.7,Medium,False
CVE-2021-52692,2021,Crypto,4.9,6.5,7.9,Medium,False
CVE-2020-42209,2020,InputValidation,4.2,4.4,5.3,Medium,False
CVE-2019-67563,2019,Memory,4.7,4.7,6.2,Medium,False
CVE-2023-66738,2023,Crypto,5.1,6.7,7.0,Medium,False
CVE-2020-47242,2020,InputValidation,4.1,6.6,4.1,Medium,False
CVE-2024-19941,2024,Auth,4.5,5.1,5.1,Medium,False
CVE-2024-17073,2024,InputValidation,4.6,4.7,8.9,Medium,False
CVE-2018-47827,2018,Other,6.4,6.7,8.4,Medium,False
CVE-2022-56225,2022,Crypto,3.4,3.7,6.1,Low,False
CVE-2023-47096,2023,Crypto,7.2,8.0,7.5,High,False
CVE-2023-60546,2023,Other,5.8,3.6,5.7,Medium,False
CVE-2023-76457,2023,InputValidation,5.9,7.0,9.3,Medium,False
CVE-2021-78309,2021,Memory,5.8,6.5,6.4,Medium,False
CVE-2022-79998,2022,Memory,5.7,7.9,7.5,Medium,False
CVE-2022-96496,2022,Auth,6.7,5.7,8.7,Medium,False
CVE-2024-40268,2024,Crypto,3.4,5.3,5.2,Low,False
CVE-2021-95354,2021,Auth,6.9,6.6,9.6,Medium,False
CVE-2024-52078,2024,Memory,3.3,5.5,3.8,Low,False
CVE-2020-11865,2020,Memory,7.1,8.1,10.0,High,False
CVE-2024-38887,2024,Memory,4.3,6.2,6.1,Medium,False
CVE-2023-59876,2023,InputValidation,5.6,5.7,6.2,Medium,False
CVE-2022-43479,2022,Crypto,2.4,4.0,2.9,Low,False
CVE-2022-50478,2022,InputValidation,3.6,2.2,5.1,Low,True
CVE-2020-36401,2020,InputValidation,4.2,5.7,4.8,Medium,False
CVE-2020-38502,2020,Other,6.0,8.6,6.1,Medium,False
CVE-2019-23394,2019,InputValidation,5.8,7.2,6.7,Medium,False
CVE-2019-19262,2019,InputValidation,5.2,6.0,8.4,Medium,False
CVE-2021-14487,2021,Auth,5.6,6.1,7.1,Medium,False
CVE-2023-37341,2023,InputValidation,6.7,6.0,7.3,Medium,False
CVE-2022-23570,2022,Crypto,4.1,6.3,4.8,Medium,False
CVE-2019-67268,2019,Other,4.3,3.2,4.6,Medium,False
CVE-2024-39605,2024,Other,7.9,6.7,10.0,High,False
CVE-2022-81602,2022,Memory,5.1,8.1,5.8,Medium,False
CVE-2024-36723,2024,Other,5.2,6.1,9.7,Medium,False
CVE-2023-79108,2023,InputValidation,5.6,6.7,6.4,Medium,False
CVE-2019-88206,2019,InputValidation,4.8,6.0,6.7,Medium,False
CVE-2022-70098,2022,InputValidation,7.9,7.0,8.8,High,False
CVE-2023-58707,2023,Other,6.0,5.9,9.0,Medium,False
CVE-2018-59028,2018,InputValidation,4.3,5.5,6.4,Medium,False
CVE-2018-66921,2018,InputValidation,3.7,5.1,5.8,Low,False
CVE-2019-70760,2019,Crypto,5.9,5.7,6.5,Medium,False
CVE-2020-20249,2020,Memory,6.6,9.3,8.0,Medium,False
CVE-2021-77847,2021,Memory,5.4,5.1,8.1,Medium,False
CVE-2022-53839,2022,Memory,5.4,4.8,6.5,Medium,False
CVE-2019-49673,2019,Memory,5.8,7.2,8.1,Medium,False
CVE-2023-13642,2023,Memory,6.7,7.1,9.9,Medium,False
CVE-2022-16338,2022,Memory,6.1,7.3,7.6,Medium,False
CVE-2020-61761,2020,Crypto,5.9,5.9,7.2,Medium,False
CVE-2018-19622,2018,Memory,5.1,6.7,4.1,Medium,False
CVE-2018-58423,2018,InputValidation,4.5,8.2,2.4,Medium,False
CVE-2021-52873,2021,Other,3.9,2.6,6.7,Low,False
CVE-2019-57565,2019,InputValidation,4.3,4.8,6.3,Medium,False
CVE-2021-17806,2021,Crypto,3.4,5.3,5.6,Low,False
CVE-2023-10757,2023,Memory,4.9,4.5,6.8,Medium,False
CVE-2022-31470,2022,Memory,7.1,6.7,6.7,High,False
CVE-2020-16220,2020,Memory,6.9,9.5,9.4,Medium,False
CVE-2021-64754,2021,Memory,5.2,7.0,7.1,Medium,False
CVE-2022-89852,2022,InputValidation,4.2,6.3,5.4,Medium,False
CVE-2024-32505,2024,Memory,6.0,5.1,8.3,Medium,False
CVE-2023-38288,2023,Memory,5.5,6.1,6.3,Medium,False
CVE-2022-84492,2022,Memory,5.7,6.4,7.7,Medium,False
CVE-2021-29109,2021,InputValidation,4.0,5.5,5.7,Medium,False
CVE-2021-13497,2021,Memory,6.3,8.9,6.1,Medium,False
CVE-2024-67326,2024,InputValidation,4.4,6.8,7.0,Medium,False
CVE-2018-19864,2018,InputValidation,4.6,4.3,6.4,Medium,False
CVE-2024-97562,2024,Crypto,6.2,5.9,7.5,Medium,False
CVE-2023-84310,2023,Memory,4.9,7.7,6.6,Medium,False
CVE-2023-31017,2023,Auth,3.9,8.2,3.8,Low,False
CVE-2018-11821,2018,Crypto,7.1,7.9,6.3,High,False
CVE-2022-60337,2022,Memory,5.0,5.5,8.0,Medium,False
CVE-2022-55485,2022,Other,4.9,3.8,5.7,Medium,False
CVE-2019-93557,2019,Other,3.6,3.1,5.7,Low,False
CVE-2020-66388,2020,Memory,6.0,6.6,8.6,Medium,False
CVE-2024-20372,2024,InputValidation,5.5,6.7,5.6,Medium,False
CVE-2022-81333,2022,Auth,4.5,8.0,4.3,Medium,False
CVE-2021-26283,2021,Auth,5.4,6.4,6.5,Medium,False
CVE-2018-50857,2018,Memory,4.9,6.5,5.9,Medium,False
CVE-2023-61772,2023,Memory,4.2,7.2,5.2,Medium,False
CVE-2023-69670,2023,InputValidation,4.8,4.7,6.1,Medium,False
CVE-2022-83133,2022,InputValidation,6.8,9.1,8.2,Medium,False
CVE-2022-41261,2022,Crypto,3.7,3.1,6.1,Low,False
CVE-2021-67154,2021,InputValidation,4.6,6.3,7.3,Medium,False
CVE-2022-16107,2022,InputValidation,8.9,9.0,10.0,High,False
CVE-2020-45561,2020,Auth,6.0,6.5,6.2,Medium,False
CVE-2024-86674,2024,Memory,6.5,6.7,7.3,Medium,False
CVE-2022-45268,2022,InputValidation,4.4,5.5,5.7,Medium,False
CVE-2021-41608,2021,Auth,3.4,6.2,5.2,Low,False
CVE-2022-23138,2022,Other,6.9,7.1,5.9,Medium,False
CVE-2023-47693,2023,InputValidation,3.3,2.7,5.2,Low,False
CVE-2019-93000,2019,InputValidation,6.0,8.3,7.8,Medium,False
CVE-2020-31248,2020,Memory,6.3,4.9,10.0,Medium,False
CVE-2023-28632,2023,InputValidation,5.5,5.6,5.3,Medium,False
CVE-2021-57547,2021,InputValidation,4.7,5.4,5.8,Medium,False
CVE-2023-22100,2023,Memory,7.1,7.9,7.0,High,False
CVE-2019-57930,2019,InputValidation,5.2,3.6,6.9,Medium,False
CVE-2023-76861,2023,InputValidation,4.9,6.7,7.3,Medium,False
CVE-2018-86905,2018,Memory,7.4,10.0,9.8,High,False
CVE-2018-63025,2018,InputValidation,3.5,4.0,1.9,Low,False
CVE-2024-85876,2024,Memory,2.2,7.3,2.7,Low,False
CVE-2022-88944,2022,InputValidation,4.3,5.0,5.6,Medium,False
CVE-2021-60840,2021,Memory,5.6,7.6,9.0,Medium,False
CVE-2020-29369,2020,Other,3.4,5.0,3.7,Low,False
CVE-2022-28460,2022,Crypto,2.4,4.5,1.0,Low,False
CVE-2022-11461,2022,Crypto,5.4,6.2,7.8,Medium,False
CVE-2024-52362,2024,Auth,6.5,9.2,7.8,Medium,False
CVE-2024-38610,2024,InputValidation,3.5,5.7,4.7,Low,False
CVE-2023-30995,2023,Memory,7.4,8.1,5.3,High,False
CVE-2022-94716,2022,InputValidation,5.2,4.1,4.6,Medium,False
CVE-2022-17717,2022,Crypto,3.5,4.1,6.5,Low,False
CVE-2023-88867,2023,Auth,6.7,7.2,5.8,Medium,False
CVE-2019-89472,2019,InputValidation,6.3,8.2,8.0,Medium,False
CVE-2021-74022,2021,Memory,4.3,7.5,1.9,Medium,False
CVE-2018-63668,2018,InputValidation,4.4,5.5,5.1,Medium,False
CVE-2018-61645,2018,InputValidation,4.0,6.0,4.7,Medium,False
CVE-2020-39550,2020,Crypto,4.8,3.6,5.8,Medium,False
CVE-2022-96151,2022,Crypto,5.2,6.4,5.8,Medium,False
CVE-2023-13576,2023,InputValidation,6.0,7.3,8.4,Medium,False
CVE-2022-50868,2022,Other,2.2,4.3,3.0,Low,False
CVE-2021-56380,2021,Crypto,4.0,4.8,6.5,Medium,False
CVE-2019-15728,2019,Memory,4.9,7.4,8.0,Medium,False
CVE-2022-42800,2022,Memory,6.5,6.3,10.0,Medium,False
CVE-2020-20886,2020,Memory,4.4,6.9,6.0,Medium,False
CVE-2022-89614,2022,Memory,7.1,10.0,8.1,High,False
CVE-2024-79909,2024,Memory,5.5,6.6,3.6,Medium,False
CVE-2019-57236,2019,Memory,4.9,6.5,2.5,Medium,False
CVE-2020-55805,2020,InputValidation,5.3,5.0,8.0,Medium,False
CVE-2022-42532,2022,Memory,6.2,8.1,7.1,Medium,False
CVE-2024-38688,2024,Other,6.9,4.7,8.6,Medium,False
CVE-2023-21063,2023,Memory,4.8,6.0,4.2,Medium,False
CVE-2024-33089,2024,InputValidation,6.2,8.0,8.0,Medium,False
CVE-2021-65942,2021,InputValidation,6.1,8.1,10.0,Medium,False
CVE-2024-61829,2024,Other,4.9,4.1,7.1,Medium,False
CVE-2019-60553,2019,Memory,5.2,4.2,6.8,Medium,False
CVE-2018-43585,2018,InputValidation,5.5,7.5,7.0,Medium,False
CVE-2024-81739,2024,Other,3.5,4.0,3.5,Low,False
CVE-2024-69004,2024,Other,5.9,6.2,9.2,Medium,False
CVE-2019-12438,2019,Auth,3.6,3.5,5.1,Low,False
CVE-2019-33212,2019,InputValidation,4.2,7.3,7.9,Medium,False
CVE-2018-60362,2018,Memory,3.7,5.2,3.7,Low,False
CVE-2019-82177,2019,Crypto,5.6,6.6,4.7,Medium,False
CVE-2020-26983,2020,Other,5.2,5.0,9.1,Medium,False
CVE-2024-24026,2024,Crypto,4.2,4.1,5.7,Medium,False
CVE-2023-60998,2023,Crypto,5.0,4.9,9.1,Medium,False
CVE-2023-65744,2023,InputValidation,6.0,7.0,6.8,Medium,False
CVE-2023-67013,2023,Auth,4.2,6.7,3.5,Medium,False
CVE-2022-61039,2022,Memory,5.9,7.9,8.7,Medium,False
CVE-2023-59831,2023,InputValidation,7.3,9.0,6.2,High,False
CVE-2022-95172,2022,InputValidation,5.3,3.7,7.5,Medium,False
CVE-2021-44603,2021,InputValidation,5.9,8.4,7.2,Medium,False
CVE-2022-87758,2022,Memory,5.2,7.2,4.2,Medium,False
CVE-2022-77713,2022,Memory,5.6,5.7,6.9,Medium,False
CVE-2024-23105,2024,Crypto,5.9,3.5,10.0,Medium,False
CVE-2024-77182,2024,InputValidation,4.1,5.7,7.5,Medium,False
CVE-2021-62147,2021,Crypto,6.4,6.9,6.8,Medium,False
CVE-2023-85400,2023,Memory,5.8,6.8,8.8,Medium,False
CVE-2019-56434,2019,InputValidation,6.2,8.3,7.5,Medium,False
CVE-2023-36515,2023,InputValidation,6.5,3.8,6.6,Medium,False
CVE-2021-99298,2021,Memory,5.3,7.0,4.9,Medium,False
CVE-2018-68001,2018,InputValidation,4.2,4.1,6.7,Medium,False
CVE-2021-68397,2021,Memory,4.9,7.5,8.9,Medium,False
CVE-2022-71415,2022,Memory,6.9,8.3,5.7,Medium,False
CVE-2019-26960,2019,Other,4.3,4.4,8.9,Medium,False
CVE-2024-91838,2024,InputValidation,2.5,2.1,5.8,Low,False
CVE-2018-55778,2018,Auth,4.8,6.8,5.3,Medium,False
CVE-2024-40941,2024,InputValidation,7.3,6.7,8.6,High,True
CVE-2023-50955,2023,Crypto,5.7,6.1,6.2,Medium,False
CVE-2021-88565,2021,Auth,6.7,8.4,8.5,Medium,False
CVE-2021-66908,2021,Crypto,4.3,3.9,5.8,Medium,False
CVE-2023-74067,2023,InputValidation,5.2,7.0,6.8,Medium,False
CVE-2022-65696,2022,InputValidation,6.5,7.8,7.9,Medium,False
CVE-2023-28429,2023,InputValidation,4.2,3.3,6.7,Medium,False
CVE-2021-86676,2021,Other,4.5,5.5,3.0,Medium,False
CVE-2022-24847,2022,Auth,5.2,5.7,4.6,Medium,False
CVE-2024-57191,2024,Other,5.7,4.9,8.1,Medium,False
CVE-2020-44256,2020,Memory,5.6,7.5,6.8,Medium,False
CVE-2021-38774,2021,Auth,5.4,5.8,5.7,Medium,False
CVE-2020-19127,2020,Other,3.4,4.0,3.9,Low,False
CVE-2023-38205,2023,Memory,4.2,7.1,5.0,Medium,False
CVE-2023-91163,2023,Memory,3.4,5.4,2.9,Low,False
CVE-2020-68764,2020,Auth,4.7,4.9,6.3,Medium,False
CVE-2019-48664,2019,Crypto,5.8,6.5,5.7,Medium,False
CVE-2018-66795,2018,Auth,3.9,4.8,4.7,Low,False
CVE-2021-42333,2021,Memory,5.2,8.0,7.0,Medium,False
CVE-2021-46079,2021,Auth,6.1,7.2,7.6,Medium,False
CVE-2024-94225,2024,Memory,5.9,4.4,10.0,Medium,False
CVE-2022-34259,2022,Memory,4.4,6.0,4.0,Medium,False
CVE-2020-36571,2020,Memory,8.0,8.8,9.3,High,False
CVE-2024-61119,2024,Auth,6.2,5.0,8.3,Medium,True
CVE-2022-18009,2022,Crypto,3.7,4.8,5.1,Low,False
CVE-2022-71829,2022,InputValidation,5.2,6.7,7.2,Medium,False
CVE-2019-48230,2019,InputValidation,4.7,7.2,6.1,Medium,False
CVE-2021-66049,2021,Other,5.3,4.6,6.8,Medium,False
CVE-2024-46498,2024,InputValidation,6.9,5.1,9.2,Medium,False
CVE-2022-38820,2022,Auth,6.6,8.6,8.3,Medium,False
CVE-2021-50315,2021,InputValidation,6.6,8.6,8.1,Medium,False
CVE-2023-42795,2023,InputValidation,6.8,7.5,6.2,Medium,True
CVE-2024-95411,2024,InputValidation,4.8,6.1,4.1,Medium,False
CVE-2020-49191,2020,InputValidation,4.9,4.8,6.1,Medium,False
CVE-2022-64453,2022,Auth,4.7,5.3,8.7,Medium,False
CVE-2024-22453,2024,InputValidation,5.2,6.8,4.1,Medium,False
CVE-2019-60325,2019,Memory,4.6,7.6,5.1,Medium,False
CVE-2023-59490,2023,Other,4.9,7.1,7.1,Medium,False
CVE-2022-84796,2022,InputValidation,4.8,7.0,5.1,Medium,False
CVE-2023-59993,2023,InputValidation,3.2,3.7,4.8,Low,False
CVE-2021-55706,2021,Other,5.1,6.6,6.1,Medium,False
CVE-2021-52817,2021,Crypto,2.3,4.0,3.8,Low,False
CVE-2023-74544,2023,Memory,5.6,6.4,5.0,Medium,False
CVE-2020-65710,2020,Other,6.3,5.4,7.8,Medium,False
CVE-2021-60799,2021,Crypto,4.0,8.5,4.8,Medium,False
CVE-2020-70964,2020,InputValidation,6.9,10.0,4.6,Medium,False
CVE-2018-63678,2018,Memory,5.1,7.9,5.9,Medium,False
CVE-2024-81150,2024,Auth,6.5,6.2,8.1,Medium,False
CVE-2021-70438,2021,Crypto,5.2,6.3,6.4,Medium,False
CVE-2024-87223,2024,InputValidation,5.6,7.3,6.1,Medium,False
CVE-2019-71926,2019,Other,4.4,4.5,6.5,Medium,False
CVE-2022-13801,2022,Auth,6.6,9.2,4.2,Medium,False
CVE-2020-51048,2020,Memory,5.2,7.3,7.9,Medium,False
CVE-2023-50144,2023,InputValidation,6.3,6.7,7.5,Medium,False
CVE-2023-20148,2023,Memory,6.8,8.0,6.4,Medium,False
CVE-2019-92819,2019,Auth,7.0,7.1,8.7,High,False
CVE-2024-29861,2024,Memory,7.5,8.3,5.1,High,False
CVE-2020-71717,2020,Crypto,4.9,4.6,8.4,Medium,False
CVE-2022-32480,2022,Auth,5.9,5.7,6.9,Medium,False
CVE-2024-28637,2024,Other,3.7,3.3,5.6,Low,False
CVE-2024-54621,2024,InputValidation,6.5,6.7,6.8,Medium,False
CVE-2024-70304,2024,Auth,6.0,7.7,6.8,Medium,False
CVE-2021-57431,2021,Memory,6.5,7.7,9.2,Medium,False
CVE-2019-98921,2019,Auth,7.0,9.0,5.4,High,False
CVE-2020-66172,2020,Memory,4.8,7.0,5.5,Medium,False
CVE-2022-35437,2022,InputValidation,5.2,7.0,8.8,Medium,False
CVE-2023-18149,2023,Auth,3.9,4.9,5.4,Low,False
CVE-2019-24671,2019,Memory,6.5,6.4,8.4,Medium,False
CVE-2023-33119,2023,Memory,8.3,8.0,10.0,High,False
CVE-2021-56117,2021,Auth,5.9,7.8,6.3,Medium,False
CVE-2021-26279,2021,Auth,6.8,6.1,7.9,Medium,False
CVE-2023-78835,2023,Crypto,3.1,5.4,4.5,Low,False
CVE-2022-14803,2022,Crypto,4.1,3.2,7.5,Medium,False
CVE-2023-92897,2023,InputValidation,4.9,5.5,7.0,Medium,False
CVE-2019-70805,2019,InputValidation,6.1,7.3,7.8,Medium,False
CVE-2023-28201,2023,InputValidation,5.3,6.9,5.7,Medium,False
CVE-2018-38634,2018,Memory,5.6,7.8,4.1,Medium,False
CVE-2020-24760,2020,Other,4.8,5.1,7.4,Medium,False
CVE-2023-20826,2023,Crypto,3.8,5.5,2.9,Low,False
CVE-2024-96821,2024,InputValidation,4.5,5.0,5.9,Medium,False
CVE-2020-55775,2020,InputValidation,5.6,7.0,8.6,Medium,False
CVE-2021-84676,2021,Other,5.1,5.6,7.0,Medium,False
CVE-2022-16798,2022,Memory,7.0,7.7,10.0,High,False
CVE-2020-76103,2020,Crypto,5.2,4.7,8.3,Medium,False
CVE-2023-87160,2023,InputValidation,3.3,2.8,4.9,Low,False
CVE-2023-87751,2023,Crypto,5.9,7.1,7.0,Medium,False
CVE-2019-83502,2019,Memory,5.0,6.3,6.7,Medium,False
CVE-2022-61410,2022,Other,4.2,3.7,3.4,Medium,False
CVE-2023-50888,2023,Other,3.7,6.0,5.0,Low,False
CVE-2021-59047,2021,Crypto,3.8,4.9,5.5,Low,False
CVE-2023-55955,2023,Crypto,6.7,7.1,3.3,Medium,False
CVE-2018-11982,2018,Other,4.4,5.9,6.8,Medium,False
CVE-2022-43864,2022,Auth,4.7,7.5,6.6,Medium,False
CVE-2019-89118,2019,Memory,4.3,5.0,3.5,Medium,False
CVE-2024-95490,2024,Crypto,4.5,7.3,7.7,Medium,False
CVE-2021-49265,2021,Crypto,5.5,5.9,8.0,Medium,False
CVE-2020-56313,2020,InputValidation,6.8,5.4,7.0,Medium,False
CVE-2024-54350,2024,Auth,4.1,6.7,6.3,Medium,False
CVE-2018-25378,2018,Other,2.3,2.3,7.0,Low,False
CVE-2021-79815,2021,Other,4.3,5.6,7.8,Medium,False
CVE-2021-37924,2021,InputValidation,5.4,4.5,6.9,Medium,False
CVE-2020-92593,2020,Memory,5.1,5.0,5.0,Medium,False
CVE-2024-17312,2024,Other,3.5,2.7,6.5,Low,True
CVE-2023-40353,2023,Auth,7.6,8.2,9.3,High,False
CVE-2018-96450,2018,Memory,6.0,6.1,5.6,Medium,False
CVE-2023-26192,2023,Other,8.4,7.3,10.0,High,False
CVE-2022-27450,2022,Other,3.9,4.2,5.4,Low,False
CVE-2024-15432,2024,InputValidation,2.2,3.4,6.2,Low,False
CVE-2021-67225,2021,Crypto,3.1,3.8,5.1,Low,False
CVE-2022-88711,2022,InputValidation,5.9,7.9,7.5,Medium,False
CVE-2022-75604,2022,Memory,4.3,6.8,3.7,Medium,False
CVE-2022-20295,2022,InputValidation,4.4,5.2,5.6,Medium,False
CVE-2022-16774,2022,Auth,5.8,6.7,4.9,Medium,False
CVE-2020-22190,2020,Memory,7.2,7.8,7.3,High,False
CVE-2023-41286,2023,InputValidation,6.5,7.7,8.8,Medium,False
CVE-2022-86325,2022,InputValidation,7.6,8.2,8.3,High,True
CVE-2024-82427,2024,InputValidation,3.8,5.5,2.3,Low,False
CVE-2020-97513,2020,Other,5.2,3.0,9.8,Medium,False
CVE-2023-74014,2023,InputValidation,5.9,5.4,7.1,Medium,False
CVE-2024-85852,2024,InputValidation,5.0,6.4,5.4,Medium,False
CVE-2023-65256,2023,Auth,6.5,5.1,6.8,Medium,False
CVE-2024-68630,2024,InputValidation,3.5,4.6,6.7,Low,False
CVE-2024-72771,2024,Memory,5.1,7.5,5.8,Medium,False
CVE-2021-61715,2021,InputValidation,5.2,5.9,7.0,Medium,False
CVE-2022-17466,2022,Memory,5.7,7.0,5.8,Medium,False
CVE-2019-27637,2019,Memory,5.9,5.9,5.9,Medium,False
CVE-2022-78745,2022,InputValidation,4.6,5.7,5.4,Medium,False
CVE-2020-46317,2020,InputValidation,2.6,4.6,3.8,Low,False
CVE-2023-59766,2023,Other,6.2,6.3,7.0,Medium,False
CVE-2022-13078,2022,InputValidation,6.9,7.6,8.1,Medium,False
CVE-2021-37299,2021,Crypto,2.5,2.7,7.0,Low,False
CVE-2020-13543,2020,Crypto,4.9,4.1,7.8,Medium,False
CVE-2024-61052,2024,Memory,3.6,4.8,7.0,Low,False
CVE-2018-32064,2018,Crypto,3.7,4.5,5.4,Low,False
CVE-2018-82287,2018,Memory,5.5,6.9,8.4,Medium,False
CVE-2020-90442,2020,Other,3.5,2.8,3.6,Low,False
CVE-2024-93632,2024,Memory,4.6,5.6,5.0,Medium,False
CVE-2024-24425,2024,InputValidation,2.9,4.5,4.7,Low,False
CVE-2023-61481,2023,Memory,7.2,7.3,8.9,High,False
CVE-2024-87347,2024,Other,4.3,5.1,8.2,Medium,False
CVE-2020-93114,2020,InputValidation,5.3,4.9,7.4,Medium,False
CVE-2024-82317,2024,Crypto,5.2,5.8,8.6,Medium,False
CVE-2019-96826,2019,Memory,4.5,6.2,5.2,Medium,False
CVE-2019-60530,2019,Auth,5.9,6.1,7.3,Medium,False
CVE-2019-91099,2019,Memory,7.2,9.5,7.2,High,False
CVE-2022-35888,2022,Other,7.3,7.0,8.4,High,False
CVE-2023-37491,2023,Memory,4.7,5.1,6.3,Medium,False
CVE-2021-42352,2021,Memory,6.3,8.2,6.5,Medium,False
CVE-2024-31676,2024,Memory,6.3,8.2,8.1,Medium,False
CVE-2021-75836,2021,InputValidation,5.1,4.3,7.9,Medium,False
CVE-2019-47463,2019,Crypto,5.5,6.7,5.6,Medium,False
CVE-2022-58990,2022,Memory,6.7,9.3,7.3,Medium,False
CVE-2023-96544,2023,Auth,2.6,4.8,4.6,Low,False
CVE-2024-73627,2024,InputValidation,3.3,4.6,1.9,Low,False
CVE-2022-30221,2022,InputValidation,6.4,7.5,7.4,Medium,False
CVE-2022-95837,2022,InputValidation,5.3,6.4,7.9,Medium,False
CVE-2020-82843,2020,InputValidation,4.8,6.8,7.3,Medium,False
CVE-2023-61313,2023,Crypto,5.2,6.0,3.2,Medium,False
CVE-2024-39251,2024,Memory,6.2,7.6,6.4,Medium,False
CVE-2018-56586,2018,Memory,3.2,5.0,2.5,Low,False
CVE-2024-84418,2024,Other,5.5,6.6,9.3,Medium,False
CVE-2022-63884,2022,Other,4.3,6.8,4.9,Medium,False
CVE-2020-62620,2020,InputValidation,6.9,5.7,8.9,Medium,False
CVE-2024-20040,2024,InputValidation,5.9,5.9,8.4,Medium,False
CVE-2022-81677,2022,Crypto,2.9,3.2,4.5,Low,False
CVE-2021-55878,2021,InputValidation,5.3,6.8,4.8,Medium,False
CVE-2020-15969,2020,Memory,5.7,7.9,7.7,Medium,False
CVE-2020-23162,2020,Memory,6.3,6.9,5.4,Medium,False
CVE-2024-75435,2024,Auth,7.4,8.2,7.3,High,False
CVE-2022-84667,2022,Crypto,4.1,5.0,5.6,Medium,False
CVE-2024-15037,2024,Memory,4.5,7.8,3.9,Medium,False
CVE-2020-70526,2020,Memory,1.5,5.5,2.6,Low,False
CVE-2019-97914,2019,Memory,4.7,7.0,7.3,Medium,False
CVE-2018-24693,2018,Crypto,3.5,5.2,5.5,Low,False
CVE-2022-69090,2022,Memory,5.6,7.3,6.0,Medium,False
CVE-2024-12451,2024,Memory,5.6,6.4,8.0,Medium,False
CVE-2023-75560,2023,Auth,5.1,6.3,8.9,Medium,False
CVE-2021-15962,2021,Memory,5.9,8.2,6.7,Medium,True
CVE-2024-99552,2024,Crypto,4.9,4.8,5.9,Medium,False
CVE-2023-26444,2023,Memory,5.3,4.6,7.3,Medium,False
CVE-2018-50443,2018,Memory,4.6,9.6,5.0,Medium,False
CVE-2023-26506,2023,Memory,6.7,9.1,7.7,Medium,False
CVE-2021-48384,2021,Auth,3.8,4.6,7.4,Low,False
CVE-2019-34248,2019,Other,6.4,6.0,7.9,Medium,False
CVE-2020-56162,2020,Auth,4.5,5.7,3.2,Medium,False
CVE-2022-52690,2022,InputValidation,4.2,6.4,5.4,Medium,False
CVE-2021-79625,2021,Crypto,4.1,5.9,5.1,Medium,False
CVE-2020-78008,2020,Memory,5.2,6.6,7.0,Medium,False
CVE-2019-70309,2019,InputValidation,3.2,4.8,7.3,Low,False
CVE-2023-53237,2023,Other,5.5,4.0,9.0,Medium,False
CVE-2024-45732,2024,Memory,4.5,5.6,5.7,Medium,False
CVE-2023-18104,2023,Memory,5.6,5.8,5.8,Medium,False
CVE-2020-93230,2020,Memory,5.5,6.9,8.9,Medium,False
CVE-2020-44980,2020,Memory,4.9,5.9,7.2,Medium,False
CVE-2020-84990,2020,Memory,5.8,8.0,9.4,Medium,False
CVE-2019-49560,2019,Crypto,5.4,7.7,7.6,Medium,False
CVE-2022-19554,2022,InputValidation,3.2,5.1,4.4,Low,False
CVE-2022-55987,2022,Other,4.9,5.4,4.2,Medium,False
CVE-2023-40985,2023,Auth,4.3,7.2,4.2,Medium,False
CVE-2023-58167,2023,InputValidation,6.1,6.7,8.0,Medium,False
CVE-2020-50428,2020,InputValidation,5.7,6.1,8.9,Medium,False
CVE-2021-77238,2021,InputValidation,5.8,7.1,10.0,Medium,False
CVE-2023-72723,2023,Crypto,5.7,6.2,8.3,Medium,False
CVE-2021-27038,2021,InputValidation,5.6,4.1,8.4,Medium,False
CVE-2020-32219,2020,Crypto,4.3,6.8,5.8,Medium,False
CVE-2021-14271,2021,InputValidation,5.8,7.3,4.9,Medium,False
CVE-2020-37397,2020,Crypto,4.3,4.4,7.9,Medium,False
CVE-2019-84491,2019,InputValidation,5.1,6.1,7.5,Medium,False
CVE-2024-39602,2024,InputValidation,6.2,7.0,7.1,Medium,False
CVE-2024-64471,2024,Other,4.3,4.7,7.1,Medium,False
CVE-2020-72150,2020,Auth,6.5,8.1,7.7,Medium,False
CVE-2018-54227,2018,Memory,7.7,10.0,9.8,High,False
CVE-2023-33116,2023,Other,5.1,3.8,8.6,Medium,False
CVE-2020-16674,2020,InputValidation,2.7,3.9,7.3,Low,False
CVE-2021-27469,2021,Other,4.1,5.5,8.1,Medium,False
CVE-2018-15446,2018,Auth,6.8,7.6,7.9,Medium,False
CVE-2020-30760,2020,InputValidation,5.6,5.7,5.8,Medium,False
CVE-2023-11963,2023,Memory,6.5,9.2,8.7,Medium,False
CVE-2023-86002,2023,InputValidation,3.2,4.0,3.8,Low,False
CVE-2020-37262,2020,InputValidation,6.6,7.0,8.8,Medium,False
CVE-2021-15177,2021,Crypto,4.4,4.6,4.3,Medium,False
CVE-2019-21160,2019,InputValidation,5.0,8.6,7.7,Medium,False
CVE-2018-17543,2018,Memory,5.9,10.0,6.0,Medium,False
CVE-2024-92162,2024,Auth,5.0,5.4,7.6,Medium,False
CVE-2023-49278,2023,Other,4.9,4.2,6.3,Medium,False
CVE-2022-39607,2022,InputValidation,6.8,7.3,4.1,Medium,False
CVE-2023-95835,2023,Memory,5.5,6.4,7.5,Medium,False
CVE-2024-27221,2024,InputValidation,3.7,5.9,5.6,Low,False
CVE-2023-13323,2023,Memory,6.6,7.0,8.5,Medium,False
CVE-2018-62105,2018,Other,4.5,2.1,5.9,Medium,False
CVE-2020-86151,2020,Memory,6.0,7.0,7.6,Medium,False
CVE-2023-76968,2023,Crypto,3.2,4.5,4.7,Low,False
CVE-2021-33238,2021,InputValidation,5.3,5.3,5.5,Medium,False
CVE-2024-73830,2024,Crypto,6.3,7.7,6.2,Medium,False
CVE-2023-83967,2023,Crypto,3.8,3.6,7.8,Low,False
CVE-2024-18330,2024,Auth,7.4,7.7,10.0,High,False
CVE-2020-54153,2020,Memory,5.8,6.6,5.4,Medium,False
CVE-2024-18611,2024,Memory,7.1,6.6,8.8,High,False
CVE-2021-23872,2021,Memory,4.9,8.2,3.2,Medium,False
CVE-2024-59455,2024,Other,4.0,5.5,4.5,Medium,False
CVE-2019-44930,2019,Other,5.6,5.9,4.9,Medium,False
CVE-2022-82022,2022,Crypto,3.9,7.0,4.5,Low,False
CVE-2023-72714,2023,Crypto,4.1,5.0,3.7,Medium,False
CVE-2021-98794,2021,Crypto,3.7,4.6,7.2,Low,False
CVE-2022-58716,2022,Memory,5.7,5.4,6.2,Medium,False
CVE-2024-76704,2024,Other,4.2,3.8,6.9,Medium,False
CVE-2021-10415,2021,InputValidation,8.6,10.0,8.7,High,False
CVE-2022-86441,2022,InputValidation,6.7,7.9,7.6,Medium,False
CVE-2018-80779,2018,InputValidation,3.7,4.0,7.5,Low,False
CVE-2024-92069,2024,Memory,5.9,5.0,6.4,Medium,False
CVE-2023-98444,2023,Memory,6.5,7.7,4.9,Medium,False
CVE-2021-81435,2021,Auth,7.2,7.3,8.9,High,False
CVE-2018-19888,2018,Memory,5.1,7.8,6.0,Medium,False
CVE-2022-55299,2022,Crypto,4.0,5.1,4.8,Medium,False
CVE-2018-68765,2018,Memory,5.6,6.8,6.5,Medium,False
CVE-2018-72714,2018,InputValidation,4.3,6.5,5.2,Medium,False
CVE-2022-25935,2022,InputValidation,6.4,6.1,6.0,Medium,False
CVE-2020-83002,2020,InputValidation,4.0,2.7,6.7,Medium,False
CVE-2020-90631,2020,Auth,3.4,6.2,7.4,Low,False
CVE-2023-86729,2023,InputValidation,4.4,4.7,4.8,Medium,False
CVE-2018-11320,2018,Crypto,4.5,5.8,5.8,Medium,False
CVE-2021-56032,2021,InputValidation,7.7,10.0,9.4,High,False
CVE-2019-87763,2019,Crypto,5.3,6.1,7.6,Medium,False
CVE-2022-27907,2022,Other,6.5,4.5,10.0,Medium,False
CVE-2023-48002,2023,Auth,7.8,7.9,9.2,High,False
CVE-2023-54838,2023,Memory,7.0,7.7,9.1,High,False
CVE-2020-48912,2020,Memory,4.9,7.6,4.5,Medium,False
CVE-2019-10552,2019,InputValidation,6.1,6.9,8.3,Medium,False
CVE-2018-30140,2018,Crypto,6.4,8.6,7.1,Medium,False
CVE-2021-95591,2021,Memory,3.9,5.3,5.6,Low,False
CVE-2024-58737,2024,InputValidation,6.1,6.7,7.1,Medium,False
CVE-2020-43367,2020,Crypto,5.3,4.1,8.0,Medium,False
CVE-2020-90634,2020,InputValidation,7.2,6.8,7.8,High,False
CVE-2019-34061,2019,Auth,5.3,5.1,4.9,Medium,False
CVE-2022-90336,2022,Memory,5.3,6.4,8.1,Medium,False
CVE-2023-52124,2023,Memory,5.8,6.6,5.7,Medium,False
CVE-2023-55638,2023,Auth,5.5,8.0,7.5,Medium,False
CVE-2024-11982,2024,InputValidation,6.3,7.4,6.4,Medium,False
CVE-2022-45765,2022,Crypto,3.6,3.6,5.8,Low,False
CVE-2019-92606,2019,InputValidation,4.9,6.1,8.1,Medium,False
CVE-2020-64681,2020,Memory,4.8,5.9,4.8,Medium,False
CVE-2023-73232,2023,Auth,3.7,4.6,9.9,Low,False
CVE-2022-72349,2022,Auth,2.8,6.2,3.5,Low,False
CVE-2022-73474,2022,Crypto,4.3,5.0,5.4,Medium,False
CVE-2023-39513,2023,InputValidation,7.3,9.6,8.1,High,False
CVE-2023-32592,2023,Crypto,5.4,6.1,7.8,Medium,False
CVE-2024-33618,2024,InputValidation,2.9,3.9,6.1,Low,False
CVE-2022-61632,2022,Memory,4.6,6.2,6.6,Medium,False
CVE-2023-25409,2023,Other,6.1,6.5,7.5,Medium,False
CVE-2020-19529,2020,Memory,7.4,10.0,7.1,High,True
CVE-2023-34154,2023,Other,4.5,2.6,8.5,Medium,False
CVE-2024-42882,2024,InputValidation,5.4,3.2,7.6,Medium,False
CVE-2021-54917,2021,Memory,7.9,9.8,9.0,High,False
CVE-2023-92488,2023,InputValidation,4.3,6.6,5.1,Medium,False
CVE-2023-25701,2023,Other,3.9,3.7,6.1,Low,False
CVE-2018-85281,2018,Auth,4.5,7.3,6.4,Medium,False
CVE-2022-99871,2022,Auth,2.9,2.5,4.2,Low,False
CVE-2019-78225,2019,Crypto,6.1,5.5,7.2,Medium,False
CVE-2024-62492,2024,Crypto,5.5,6.0,5.7,Medium,False
CVE-2023-12988,2023,Auth,7.7,7.9,8.3,High,False
CVE-2019-45919,2019,Memory,4.1,5.5,4.7,Medium,False
CVE-2019-58426,2019,InputValidation,7.5,6.1,9.8,High,False
CVE-2022-62167,2022,Memory,4.3,5.6,5.0,Medium,False
CVE-2021-19013,2021,Other,6.3,5.4,7.0,Medium,False
CVE-2018-49113,2018,Other,4.6,3.7,7.7,Medium,False
CVE-2022-13574,2022,Memory,5.6,6.4,5.8,Medium,False
CVE-2021-17838,2021,Auth,6.5,5.0,8.0,Medium,False
CVE-2019-41368,2019,Other,4.3,6.0,4.5,Medium,False
CVE-2023-42228,2023,Memory,7.4,8.3,9.8,High,False
CVE-2024-59711,2024,Crypto,5.9,5.1,6.6,Medium,True
CVE-2023-56097,2023,Other,4.3,5.1,5.4,Medium,False
CVE-2024-65773,2024,Memory,3.4,4.8,5.9,Low,False
CVE-2020-38639,2020,Crypto,7.0,5.1,8.0,High,False
CVE-2020-24823,2020,InputValidation,4.5,5.9,5.6,Medium,False
CVE-2020-33510,2020,Other,6.3,8.9,5.9,Medium,False
CVE-2023-48333,2023,Other,4.8,3.3,5.8,Medium,False
CVE-2024-14435,2024,Other,4.6,7.2,4.8,Medium,False
CVE-2023-48418,2023,InputValidation,6.2,7.5,10.0,Medium,False
CVE-2024-67955,2024,Other,4.8,5.4,5.6,Medium,False
CVE-2023-69507,2023,Auth,5.8,9.1,8.8,Medium,False
CVE-2021-61033,2021,InputValidation,5.4,6.6,7.2,Medium,False
CVE-2021-96089,2021,Auth,5.3,7.1,5.1,Medium,False
CVE-2018-82972,2018,Memory,5.5,6.9,6.9,Medium,False
CVE-2018-57219,2018,Crypto,5.1,7.3,8.4,Medium,False
CVE-2023-44477,2023,Memory,7.6,8.6,6.9,High,False
CVE-2021-99780,2021,Memory,6.1,6.1,8.9,Medium,False
CVE-2022-52721,2022,Memory,6.6,5.0,8.3,Medium,False
CVE-2022-77228,2022,Crypto,5.2,5.2,8.2,Medium,False
CVE-2020-25523,2020,InputValidation,3.7,4.8,5.6,Low,False
CVE-2022-42326,2022,Auth,5.0,6.4,4.8,Medium,False
CVE-2022-52205,2022,Memory,6.0,8.9,6.2,Medium,False
CVE-2021-10125,2021,InputValidation,4.1,5.3,6.9,Medium,False
CVE-2024-76735,2024,InputValidation,6.7,5.9,7.7,Medium,False
CVE-2022-26375,2022,Auth,3.7,6.6,2.9,Low,False
CVE-2022-12711,2022,InputValidation,4.4,7.3,6.9,Medium,False
CVE-2024-42437,2024,Crypto,4.6,2.1,6.2,Medium,False
CVE-2024-38022,2024,Other,3.8,4.1,5.8,Low,False
CVE-2024-19182,2024,Crypto,5.5,5.8,9.0,Medium,False
CVE-2020-98148,2020,Memory,5.4,8.8,8.0,Medium,False
CVE-2018-81531,2018,Memory,7.6,6.3,9.1,High,False
CVE-2020-50950,2020,Other,2.3,2.2,5.5,Low,False
CVE-2020-22920,2020,Memory,6.8,7.9,8.8,Medium,False
CVE-2024-32144,2024,Other,6.1,4.0,9.3,Medium,False
CVE-2023-94418,2023,InputValidation,5.6,4.2,8.7,Medium,False
CVE-2019-12565,2019,Other,3.6,4.1,4.3,Low,False
CVE-2019-98909,2019,Auth,3.8,6.2,6.3,Low,False
CVE-2019-63942,2019,Other,3.5,4.1,5.7,Low,False
CVE-2023-80560,2023,InputValidation,4.1,2.7,6.9,Medium,False
CVE-2023-34691,2023,Auth,5.9,7.8,8.3,Medium,False
CVE-2024-43799,2024,InputValidation,5.8,7.9,5.6,Medium,False
CVE-2024-76777,2024,InputValidation,6.3,7.0,7.0,Medium,False
CVE-2020-44510,2020,Crypto,3.7,3.8,2.6,Low,False
CVE-2021-97919,2021,Other,4.6,4.7,9.0,Medium,False
CVE-2020-87366,2020,Other,6.2,5.0,5.6,Medium,False
CVE-2021-38975,2021,Auth,6.6,7.4,7.1,Medium,False
CVE-2024-63242,2024,InputValidation,5.5,7.0,6.3,Medium,False
CVE-2022-56546,2022,InputValidation,6.3,4.9,8.5,Medium,False
CVE-2023-33267,2023,Auth,5.6,6.6,1.7,Medium,False
CVE-2022-87911,2022,Memory,4.9,7.7,7.0,Medium,False
CVE-2018-97049,2018,Memory,6.5,9.2,7.1,Medium,False
CVE-2018-79939,2018,InputValidation,3.6,7.1,6.1,Low,False
CVE-2022-14897,2022,InputValidation,7.0,7.2,10.0,High,False
CVE-2023-10163,2023,InputValidation,5.0,6.1,5.1,Medium,False
CVE-2020-62540,2020,Memory,7.2,9.1,8.7,High,True
CVE-2023-92915,2023,Memory,5.7,7.6,7.7,Medium,False
CVE-2023-40030,2023,Memory,4.3,5.7,8.9,Medium,False
CVE-2021-65313,2021,Other,5.6,7.1,5.7,Medium,False
CVE-2023-39870,2023,InputValidation,6.4,7.0,5.6,Medium,False
CVE-2021-39482,2021,InputValidation,5.2,5.3,8.5,Medium,False
CVE-2023-41058,2023,Crypto,5.3,4.8,7.2,Medium,False
CVE-2023-67255,2023,Memory,3.7,7.4,4.2,Low,False
CVE-2024-74930,2024,Other,5.1,5.7,5.7,Medium,False
CVE-2021-60500,2021,Auth,5.5,6.8,7.6,Medium,False
CVE-2021-36379,2021,Memory,5.9,7.5,8.5,Medium,False
CVE-2019-77787,2019,InputValidation,5.4,8.5,6.0,Medium,False
CVE-2020-33674,2020,Other,3.4,6.6,1.6,Low,False
CVE-2023-16590,2023,Other,5.5,5.3,7.5,Medium,True
CVE-2024-41432,2024,InputValidation,4.1,7.4,4.8,Medium,False
CVE-2021-50426,2021,Crypto,2.7,4.0,2.7,Low,False
CVE-2019-59584,2019,Memory,4.2,7.6,1.9,Medium,False
CVE-2020-97663,2020,Other,5.7,7.7,8.5,Medium,False
CVE-2022-48015,2022,Memory,7.1,6.7,7.1,High,False
CVE-2020-83251,2020,Other,3.4,3.7,5.8,Low,False
CVE-2020-79353,2020,Crypto,4.9,4.5,8.9,Medium,False
CVE-2023-92990,2023,Crypto,3.9,3.9,7.4,Low,False
CVE-2018-14600,2018,InputValidation,7.1,4.8,9.4,High,False
CVE-2022-34690,2022,Memory,5.0,6.4,4.3,Medium,False
CVE-2023-43762,2023,Memory,4.0,4.9,6.4,Medium,False
CVE-2020-47499,2020,Memory,5.6,7.0,4.0,Medium,False
CVE-2022-97988,2022,Memory,6.4,8.4,6.8,Medium,False
CVE-2023-17670,2023,Auth,4.9,5.1,6.1,Medium,False
CVE-2023-96687,2023,InputValidation,6.4,8.3,8.3,Medium,False
CVE-2022-27341,2022,Memory,5.5,7.8,7.1,Medium,False
CVE-2021-83823,2021,Other,6.2,6.5,7.9,Medium,False
CVE-2024-94074,2024,Other,4.3,4.0,7.6,Medium,False
CVE-2023-27015,2023,Other,8.0,6.3,10.0,High,False
CVE-2021-75126,2021,Other,2.8,3.4,5.6,Low,False
CVE-2019-65197,2019,Memory,7.0,8.3,5.5,High,False
CVE-2018-59849,2018,InputValidation,5.4,6.3,7.2,Medium,False
CVE-2019-25852,2019,Auth,5.6,7.3,5.5,Medium,False
CVE-2022-65361,2022,Crypto,5.8,3.7,8.9,Medium,False
CVE-2018-31258,2018,Memory,4.4,5.7,6.1,Medium,False
CVE-2021-72355,2021,Auth,6.2,7.4,6.0,Medium,False
CVE-2023-51508,2023,Memory,2.6,5.6,5.8,Low,False
CVE-2020-77784,2020,Memory,5.9,7.7,8.3,Medium,False
CVE-2023-81728,2023,InputValidation,3.4,3.9,6.0,Low,False
CVE-2023-37410,2023,Crypto,4.2,6.8,5.7,Medium,False
CVE-2020-19895,2020,Crypto,5.0,3.7,9.2,Medium,False
CVE-2023-81942,2023,Memory,5.9,7.8,5.5,Medium,False
CVE-2023-43924,2023,Other,5.8,5.9,6.8,Medium,False
CVE-2021-80831,2021,InputValidation,5.4,5.0,7.7,Medium,False
CVE-2020-22264,2020,Memory,4.6,7.9,4.1,Medium,False
CVE-2022-38038,2022,Other,5.6,5.4,7.4,Medium,False
CVE-2024-19136,2024,Other,3.8,4.2,4.4,Low,False
CVE-2023-23213,2023,Other,5.3,3.5,7.7,Medium,False
CVE-2019-87608,2019,Auth,4.1,3.6,4.5,Medium,False
CVE-2023-37431,2023,Crypto,5.7,6.0,8.0,Medium,False
CVE-2021-52290,2021,Crypto,3.9,3.2,8.1,Low,False
CVE-2022-77539,2022,Memory,5.8,7.1,8.5,Medium,False
CVE-2023-95535,2023,InputValidation,4.8,5.6,7.1,Medium,False
CVE-2022-52747,2022,InputValidation,5.3,7.0,6.5,Medium,False
CVE-2023-85974,2023,InputValidation,4.9,5.5,5.6,Medium,False
CVE-2023-89763,2023,Auth,6.7,6.0,9.3,Medium,False
CVE-2022-79208,2022,InputValidation,5.3,7.1,5.7,Medium,False
CVE-2019-82994,2019,Memory,5.3,7.5,5.1,Medium,False
CVE-2024-94075,2024,Memory,6.5,7.5,8.2,Medium,False
CVE-2024-79015,2024,Crypto,4.4,6.2,5.3,Medium,False
CVE-2019-24887,2019,Memory,3.3,4.7,4.7,Low,False
CVE-2022-10051,2022,Other,3.0,6.1,4.1,Low,False
CVE-2020-77695,2020,InputValidation,4.8,6.9,6.0,Medium,False
CVE-2023-79926,2023,InputValidation,4.9,4.5,6.2,Medium,False
CVE-2023-95571,2023,Crypto,4.4,5.1,7.0,Medium,False
CVE-2019-38491,2019,Auth,5.9,6.4,8.5,Medium,False
CVE-2024-26080,2024,InputValidation,5.9,5.8,7.6,Medium,False
CVE-2020-44880,2020,Crypto,5.5,6.0,6.4,Medium,False
CVE-2023-69965,2023,Crypto,5.0,7.6,6.7,Medium,False
CVE-2022-57361,2022,InputValidation,7.1,7.6,7.9,High,False
CVE-2021-97685,2021,Other,5.6,3.0,8.4,Medium,False
CVE-2019-90875,2019,Auth,5.1,7.4,7.2,Medium,False
CVE-2019-76890,2019,Crypto,5.0,7.5,6.2,Medium,False
CVE-2023-81156,2023,Other,5.4,5.6,4.8,Medium,False
CVE-2022-79290,2022,Other,4.5,6.6,4.2,Medium,False
CVE-2019-26593,2019,Auth,5.5,9.5,8.6,Medium,False
CVE-2019-26167,2019,Auth,5.4,8.0,8.1,Medium,False
CVE-2018-98091,2018,Crypto,5.4,5.9,7.7,Medium,False
CVE-2023-43005,2023,Crypto,4.7,7.1,6.7,Medium,False
CVE-2023-75471,2023,Crypto,5.7,5.7,9.2,Medium,False
CVE-2018-60728,2018,Auth,5.2,6.5,5.9,Medium,False
CVE-2022-18691,2022,Memory,7.2,6.5,8.5,High,False
CVE-2019-19756,2019,Other,5.6,7.3,6.9,Medium,False
CVE-2024-46308,2024,Other,4.7,3.8,5.2,Medium,False
CVE-2024-74079,2024,Memory,8.3,9.3,8.4,High,False
CVE-2023-75524,2023,Auth,7.2,7.2,7.7,High,False
CVE-2024-70466,2024,Memory,5.2,4.9,7.1,Medium,False
CVE-2023-19327,2023,InputValidation,4.0,6.6,7.0,Medium,False
CVE-2024-38520,2024,Auth,4.3,3.3,6.1,Medium,False
CVE-2022-53308,2022,Memory,8.0,7.9,10.0,High,False
CVE-2021-26533,2021,Auth,6.8,7.8,9.2,Medium,False
CVE-2020-54488,2020,Auth,6.9,5.6,7.9,Medium,False
CVE-2021-77160,2021,InputValidation,6.1,6.2,6.9,Medium,False
CVE-2023-50429,2023,Memory,8.2,9.9,9.3,High,False
CVE-2019-61726,2019,InputValidation,6.1,5.2,7.5,Medium,False
CVE-2020-96348,2020,Crypto,4.5,3.9,6.3,Medium,False
CVE-2022-83065,2022,Other,3.6,7.2,6.4,Low,False
CVE-2020-30653,2020,Crypto,5.9,8.4,7.0,Medium,False
CVE-2022-66921,2022,InputValidation,4.2,6.0,1.0,Medium,False
CVE-2024-23654,2024,Crypto,5.2,7.0,7.3,Medium,False
CVE-2023-12108,2023,InputValidation,5.7,8.0,6.2,Medium,False
CVE-2023-79483,2023,Auth,5.1,5.4,9.4,Medium,False
CVE-2022-17899,2022,Memory,6.8,6.3,6.8,Medium,False
CVE-2022-23372,2022,Auth,6.9,8.3,5.0,Medium,False
CVE-2020-47682,2020,InputValidation,5.7,8.5,7.1,Medium,False
CVE-2024-77799,2024,Other,4.6,5.8,4.8,Medium,False
CVE-2020-46583,2020,InputValidation,4.4,4.7,7.3,Medium,False
CVE-2019-39295,2019,Crypto,7.1,8.5,7.7,High,False
CVE-2023-76113,2023,Other,5.4,4.2,8.1,Medium,False
CVE-2019-90565,2019,Memory,5.6,6.5,5.4,Medium,False
CVE-2021-59574,2021,Other,5.3,5.5,6.7,Medium,False
CVE-2018-74934,2018,Crypto,7.6,7.8,4.6,High,False
CVE-2019-40066,2019,Memory,5.9,8.3,8.4,Medium,False
CVE-2019-93149,2019,InputValidation,4.5,6.6,7.8,Medium,False
CVE-2018-95096,2018,Auth,5.8,7.2,7.8,Medium,False
CVE-2023-18945,2023,Memory,4.5,7.1,6.9,Medium,False
CVE-2024-39418,2024,Crypto,4.5,6.3,7.5,Medium,False
CVE-2021-92607,2021,InputValidation,3.7,2.2,8.8,Low,False
CVE-2024-59874,2024,Crypto,3.9,5.1,6.0,Low,False
CVE-2020-27130,2020,Memory,5.2,7.4,7.2,Medium,False
CVE-2021-96257,2021,Other,3.7,3.3,4.2,Low,False
CVE-2019-78248,2019,Other,4.1,5.6,5.1,Medium,False
CVE-2023-92627,2023,Other,4.5,4.7,6.6,Medium,False
CVE-2021-91393,2021,Auth,8.1,9.1,9.3,High,False
CVE-2022-51394,2022,Memory,6.0,9.4,6.9,Medium,False
CVE-2023-59635,2023,Auth,4.8,5.8,6.2,Medium,False
CVE-2022-92089,2022,Memory,5.6,6.8,6.1,Medium,False
CVE-2023-27404,2023,Memory,3.8,6.9,5.9,Low,False
CVE-2024-82629,2024,InputValidation,3.2,5.3,7.1,Low,False
CVE-2020-23156,2020,InputValidation,4.7,6.3,4.1,Medium,False
CVE-2021-65618,2021,Auth,6.1,5.4,8.9,Medium,False
CVE-2023-59999,2023,Crypto,5.4,3.8,5.1,Medium,False
CVE-2022-23785,2022,InputValidation,6.3,6.9,8.2,Medium,False
CVE-2019-58359,2019,InputValidation,5.5,6.9,4.6,Medium,False
CVE-2021-24694,2021,Other,4.5,3.8,7.5,Medium,False
CVE-2022-46114,2022,InputValidation,6.5,7.3,8.2,Medium,False
CVE-2021-79549,2021,InputValidation,6.4,5.1,7.2,Medium,False
CVE-2019-67230,2019,Memory,3.6,7.4,5.2,Low,False
CVE-2024-42799,2024,Auth,6.5,7.7,7.5,Medium,False
CVE-2023-21156,2023,Crypto,5.9,5.4,4.5,Medium,False
CVE-2022-20304,2022,Memory,6.1,7.7,6.6,Medium,False
CVE-2023-50645,2023,Memory,7.3,6.2,8.6,High,True
CVE-2024-48938,2024,Crypto,4.9,5.2,8.0,Medium,False
CVE-2019-66982,2019,Crypto,4.8,5.2,6.6,Medium,False
CVE-2020-87614,2020,InputValidation,4.1,4.9,4.7,Medium,False
CVE-2022-12315,2022,Other,3.3,4.7,7.6,Low,False
CVE-2023-22420,2023,Memory,3.7,4.7,6.5,Low,False
CVE-2018-28312,2018,InputValidation,2.6,5.3,2.4,Low,False
CVE-2024-31395,2024,Other,5.7,4.6,7.8,Medium,False
CVE-2022-50301,2022,InputValidation,5.7,5.6,6.6,Medium,False
CVE-2021-56972,2021,Crypto,5.9,5.1,8.7,Medium,False
CVE-2020-73294,2020,InputValidation,5.2,5.9,4.7,Medium,False
CVE-2019-90853,2019,InputValidation,3.5,6.7,1.1,Low,False
CVE-2023-58225,2023,Other,6.5,6.3,7.3,Medium,False
CVE-2024-92504,2024,InputValidation,5.0,5.0,7.0,Medium,False
CVE-2021-32854,2021,Other,2.9,3.2,3.1,Low,False
CVE-2024-80780,2024,Memory,4.2,5.4,4.8,Medium,False
CVE-2024-40929,2024,Memory,7.1,6.3,10.0,High,False
CVE-2022-67103,2022,Memory,4.9,6.5,6.2,Medium,False
CVE-2023-73620,2023,Crypto,5.7,4.3,7.7,Medium,False
CVE-2021-99590,2021,InputValidation,3.0,4.1,5.1,Low,False
CVE-2022-94124,2022,Other,2.3,4.3,2.6,Low,False
CVE-2018-54590,2018,InputValidation,5.8,6.3,6.4,Medium,False
CVE-2023-82554,2023,Other,5.0,5.9,6.2,Medium,False
CVE-2018-20621,2018,Memory,4.7,6.2,6.0,Medium,False
CVE-2023-10973,2023,Other,5.1,4.4,6.2,Medium,False
CVE-2024-68786,2024,Auth,4.5,5.1,7.0,Medium,False
CVE-2020-47097,2020,Auth,5.2,6.5,6.5,Medium,False
CVE-2021-44245,2021,Auth,5.2,5.2,4.3,Medium,False
CVE-2022-75211,2022,Auth,7.4,7.4,7.8,High,False
CVE-2022-64841,2022,Crypto,3.8,2.8,2.6,Low,False
CVE-2020-35346,2020,Memory,3.9,6.5,3.1,Low,False
CVE-2022-81980,2022,Memory,7.4,7.5,8.3,High,False
CVE-2020-59153,2020,Other,4.5,5.3,7.5,Medium,False
CVE-2018-86942,2018,Crypto,6.1,9.5,7.3,Medium,False
CVE-2018-15972,2018,Auth,3.0,7.0,4.4,Low,False
CVE-2019-58063,2019,InputValidation,5.4,4.5,5.1,Medium,False
CVE-2023-75488,2023,Memory,4.8,6.9,6.4,Medium,False
CVE-2024-67055,2024,Memory,3.4,4.3,3.5,Low,False
CVE-2021-74366,2021,Crypto,3.8,5.4,5.2,Low,False
CVE-2022-20931,2022,InputValidation,5.6,4.8,7.6,Medium,False
CVE-2019-17702,2019,Memory,7.0,8.4,9.7,High,False
CVE-2022-94834,2022,InputValidation,3.5,5.2,5.8,Low,False
CVE-2019-31540,2019,Memory,6.5,6.8,8.2,Medium,False
CVE-2022-67450,2022,Crypto,2.2,4.5,3.0,Low,False
CVE-2024-75252,2024,InputValidation,6.2,8.6,8.4,Medium,False
CVE-2020-56904,2020,Auth,3.1,6.0,5.3,Low,False
CVE-2023-62320,2023,InputValidation,5.6,8.7,7.8,Medium,False
CVE-2018-41000,2018,InputValidation,5.8,7.2,6.5,Medium,False
CVE-2021-12599,2021,Memory,5.3,7.7,9.4,Medium,False
CVE-2019-97636,2019,Memory,4.2,7.6,5.4,Medium,False
CVE-2021-94719,2021,InputValidation,5.9,6.6,7.9,Medium,False
CVE-2019-66165,2019,InputValidation,3.3,3.1,5.6,Low,False
CVE-2021-68855,2021,Crypto,6.3,5.1,6.2,Medium,False
CVE-2021-10018,2021,InputValidation,7.2,7.3,6.6,High,False
CVE-2021-10858,2021,Crypto,3.7,5.4,5.1,Low,False
CVE-2023-35992,2023,Other,4.2,2.9,6.1,Medium,False
CVE-2024-42580,2024,Auth,6.0,6.4,6.7,Medium,False
CVE-2021-80916,2021,Memory,6.6,9.6,7.8,Medium,False
CVE-2020-45800,2020,InputValidation,5.0,7.9,7.2,Medium,False
CVE-2020-68770,2020,Memory,6.2,6.9,8.3,Medium,False
CVE-2024-64941,2024,Memory,6.8,8.4,8.8,Medium,False
CVE-2022-94451,2022,Other,3.5,4.5,4.5,Low,False
CVE-2022-47487,2022,Memory,5.4,4.4,8.0,Medium,False
CVE-2019-22943,2019,InputValidation,3.2,4.6,4.3,Low,False
CVE-2022-71457,2022,Crypto,5.6,7.8,8.1,Medium,False
CVE-2020-28836,2020,Auth,5.8,6.1,7.8,Medium,False
CVE-2024-21394,2024,Crypto,3.9,5.1,3.1,Low,False
CVE-2024-82158,2024,Memory,4.6,6.6,7.0,Medium,False
CVE-2019-35280,2019,InputValidation,7.0,8.9,6.4,High,False
CVE-2022-87318,2022,InputValidation,4.5,8.4,5.8,Medium,False
CVE-2020-11159,2020,Memory,7.5,10.0,9.9,High,False
CVE-2021-80162,2021,InputValidation,4.5,5.8,5.5,Medium,False
CVE-2024-33440,2024,Memory,4.9,7.4,5.5,Medium,False
CVE-2022-87166,2022,Memory,4.2,4.7,6.6,Medium,False
CVE-2021-62712,2021,InputValidation,8.2,8.2,8.4,High,False
CVE-2020-57656,2020,Memory,4.1,5.2,6.3,Medium,False
CVE-2023-16589,2023,Crypto,7.9,5.8,8.8,High,False
CVE-2023-58241,2023,Crypto,4.9,3.9,7.2,Medium,False
CVE-2022-33233,2022,Auth,3.8,5.6,2.7,Low,False
CVE-2020-45011,2020,Memory,5.2,5.7,5.7,Medium,False
CVE-2021-18177,2021,Memory,7.0,6.1,5.7,High,True
CVE-2024-44528,2024,Memory,4.8,6.2,7.6,Medium,False
CVE-2022-71351,2022,Crypto,2.1,4.7,1.7,Low,False
CVE-2021-66831,2021,Auth,6.5,7.8,10.0,Medium,False
CVE-2022-61827,2022,Memory,5.3,5.3,7.5,Medium,False
CVE-2023-33508,2023,Other,3.6,5.3,6.8,Low,False
CVE-2021-64933,2021,Memory,7.3,8.8,9.4,High,False
CVE-2019-90501,2019,InputValidation,7.4,5.2,10.0,High,False
CVE-2022-78772,2022,Auth,5.6,5.4,8.2,Medium,False
CVE-2023-25611,2023,Other,5.0,4.7,8.1,Medium,False
CVE-2023-32282,2023,Auth,5.9,8.3,7.4,Medium,False
CVE-2024-51003,2024,Auth,6.2,6.8,6.6,Medium,False
CVE-2021-91365,2021,InputValidation,3.9,5.2,5.7,Low,False
CVE-2018-84216,2018,Auth,6.8,7.2,5.5,Medium,False
CVE-2024-21340,2024,Memory,6.1,5.3,5.3,Medium,False
CVE-2021-96643,2021,Other,4.6,6.0,4.3,Medium,False
CVE-2023-84684,2023,InputValidation,5.5,6.6,6.7,Medium,False
CVE-2023-93035,2023,Auth,5.0,6.0,3.7,Medium,False
CVE-2022-28165,2022,InputValidation,5.6,4.7,6.8,Medium,False
CVE-2020-28260,2020,Crypto,3.7,4.2,6.3,Low,False
CVE-2023-64515,2023,InputValidation,5.3,6.8,7.1,Medium,False
CVE-2023-40480,2023,Auth,5.0,8.3,6.2,Medium,False
CVE-2022-62527,2022,Memory,6.7,6.0,10.0,Medium,False
CVE-2022-69789,2022,Memory,7.4,7.7,9.5,High,False
CVE-2019-61902,2019,Memory,2.4,3.9,4.0,Low,False
CVE-2019-42191,2019,Memory,5.1,6.1,7.1,Medium,False
CVE-2021-69488,2021,Other,3.3,5.0,5.4,Low,False
CVE-2021-85082,2021,Memory,3.7,5.6,4.8,Low,False
CVE-2024-46044,2024,Other,3.7,3.6,3.8,Low,False
CVE-2023-59600,2023,InputValidation,4.5,5.0,7.3,Medium,False
CVE-2023-97457,2023,Memory,5.3,7.4,5.8,Medium,False
CVE-2022-58776,2022,Auth,4.7,6.2,8.5,Medium,False
CVE-2019-22836,2019,Crypto,4.2,2.1,7.7,Medium,False
CVE-2024-84525,2024,InputValidation,4.6,2.8,8.5,Medium,False
CVE-2021-62648,2021,Crypto,3.5,4.6,4.9,Low,False
CVE-2019-23740,2019,Auth,6.0,7.2,7.8,Medium,False
CVE-2022-23102,2022,Memory,4.3,2.9,7.2,Medium,False
CVE-2024-90893,2024,Other,3.5,4.3,5.5,Low,False
CVE-2024-61334,2024,Other,2.7,4.2,5.0,Low,False
CVE-2018-40255,2018,Crypto,8.4,7.6,9.9,High,False
CVE-2024-35221,2024,Memory,5.1,6.4,7.2,Medium,False
CVE-2020-73265,2020,Crypto,5.6,6.1,7.9,Medium,False
CVE-2018-10719,2018,Memory,6.1,7.2,5.5,Medium,False
CVE-2024-93442,2024,Memory,6.3,3.8,4.1,Medium,False
CVE-2024-33140,2024,InputValidation,4.4,7.2,5.9,Medium,False
CVE-2022-65779,2022,InputValidation,5.7,6.3,6.5,Medium,False
CVE-2022-11069,2022,Other,3.9,5.8,4.7,Low,False
CVE-2023-64714,2023,Auth,6.7,10.0,7.5,Medium,False
CVE-2023-83285,2023,Auth,2.4,3.4,3.1,Low,False
CVE-2024-22935,2024,InputValidation,4.9,8.6,5.2,Medium,False
CVE-2022-54035,2022,InputValidation,5.4,5.6,7.8,Medium,False
CVE-2024-37937,2024,InputValidation,4.6,6.4,7.9,Medium,False
CVE-2024-28540,2024,Other,5.3,4.9,5.8,Medium,False
CVE-2019-83480,2019,Memory,4.8,6.4,4.9,Medium,False
CVE-2024-58702,2024,Other,4.1,4.1,4.5,Medium,False
CVE-2022-88283,2022,Crypto,4.6,6.0,6.0,Medium,False
CVE-2021-86041,2021,InputValidation,4.3,3.7,7.4,Medium,False
CVE-2022-87233,2022,Auth,6.8,7.6,8.7,Medium,False
CVE-2018-46907,2018,InputValidation,3.7,5.4,5.7,Low,False
CVE-2022-25221,2022,Other,3.0,3.3,4.1,Low,False
CVE-2024-64781,2024,Other,3.9,4.3,6.8,Low,False
CVE-2020-17087,2020,InputValidation,4.9,7.9,5.6,Medium,False
CVE-2021-96998,2021,InputValidation,2.9,5.2,5.6,Low,False
CVE-2024-32789,2024,Crypto,7.2,6.0,9.1,High,False
CVE-2021-66023,2021,Other,4.2,3.9,7.8,Medium,False
CVE-2021-43400,2021,Memory,7.3,8.1,7.4,High,False
CVE-2022-12199,2022,Crypto,5.5,6.5,4.5,Medium,False
CVE-2022-57316,2022,Crypto,5.4,8.3,7.5,Medium,False
CVE-2023-97273,2023,Auth,5.2,6.2,8.7,Medium,False
CVE-2023-62062,2023,Memory,8.0,8.0,6.4,High,False
CVE-2022-81609,2022,Auth,7.8,6.6,9.3,High,False
CVE-2023-26744,2023,Other,6.5,6.9,9.2,Medium,False
CVE-2022-86095,2022,Memory,6.5,5.9,9.7,Medium,False
CVE-2021-65517,2021,Memory,5.9,8.1,7.7,Medium,False
CVE-2023-58865,2023,Other,5.4,4.7,7.5,Medium,False
CVE-2023-83937,2023,Memory,6.0,6.9,9.4,Medium,False
CVE-2022-87195,2022,Other,3.5,5.1,7.3,Low,False
CVE-2018-23894,2018,InputValidation,4.0,6.4,5.9,Medium,False
CVE-2019-39160,2019,Memory,5.4,6.8,6.1,Medium,False
CVE-2020-63095,2020,Other,4.2,5.3,7.0,Medium,False
CVE-2020-39272,2020,InputValidation,5.5,8.4,4.9,Medium,False
CVE-2023-64021,2023,InputValidation,5.0,7.5,6.7,Medium,False
CVE-2018-43645,2018,InputValidation,5.9,7.3,8.9,Medium,False
CVE-2023-31179,2023,Crypto,4.0,4.8,2.5,Medium,False
CVE-2020-20691,2020,Memory,6.3,5.7,9.4,Medium,False
CVE-2021-91646,2021,InputValidation,6.6,7.4,9.0,Medium,False
CVE-2022-55311,2022,Other,5.8,6.3,5.9,Medium,False
CVE-2020-49038,2020,InputValidation,7.0,8.2,8.1,High,False
CVE-2024-34967,2024,Crypto,5.7,4.6,6.4,Medium,False
CVE-2019-38478,2019,InputValidation,5.5,5.7,8.8,Medium,True
CVE-2022-65775,2022,Auth,4.6,4.0,8.1,Medium,False
CVE-2024-80624,2024,Memory,3.5,6.4,4.3,Low,False
CVE-2022-50332,2022,Other,5.5,6.5,7.9,Medium,False
CVE-2020-17066,2020,InputValidation,5.6,5.3,6.2,Medium,False
CVE-2021-49313,2021,Memory,7.3,8.0,7.2,High,False
CVE-2023-77857,2023,Memory,5.9,6.7,5.5,Medium,False
CVE-2024-55900,2024,Memory,5.6,7.5,10.0,Medium,False
CVE-2024-51098,2024,InputValidation,6.0,4.3,8.2,Medium,False
CVE-2021-18294,2021,InputValidation,3.4,6.1,5.4,Low,False
CVE-2024-72580,2024,Auth,3.2,2.0,3.5,Low,False
CVE-2018-48101,2018,InputValidation,4.6,5.7,5.9,Medium,False
CVE-2018-35059,2018,Memory,5.4,4.6,7.2,Medium,False
CVE-2024-50626,2024,Crypto,4.9,7.3,7.4,Medium,False
CVE-2020-30703,2020,Auth,7.8,7.7,9.3,High,False
CVE-2018-71417,2018,Memory,5.4,7.7,8.5,Medium,False
CVE-2020-69228,2020,Memory,6.9,9.3,9.1,Medium,False
CVE-2021-13205,2021,Memory,4.5,5.6,7.2,Medium,False
CVE-2023-44929,2023,Auth,4.4,9.1,4.8,Medium,False
CVE-2023-93384,2023,Crypto,5.6,6.9,6.5,Medium,False
CVE-2020-43411,2020,InputValidation,7.2,5.6,8.5,High,False
CVE-2022-90522,2022,Auth,8.4,8.2,7.0,High,False
CVE-2024-21628,2024,Auth,5.1,4.8,7.4,Medium,False
CVE-2023-80089,2023,Crypto,5.1,4.3,5.8,Medium,False
CVE-2021-16518,2021,Other,3.9,4.1,4.5,Low,False
CVE-2024-48491,2024,Memory,5.7,6.2,6.5,Medium,False
CVE-2023-17946,2023,Memory,4.9,5.4,7.1,Medium,False
CVE-2018-10610,2018,InputValidation,5.9,7.8,5.9,Medium,False
CVE-2018-79838,2018,Memory,5.8,6.6,6.4,Medium,False
CVE-2019-44311,2019,InputValidation,4.4,6.5,5.1,Medium,False
CVE-2023-51876,2023,Other,5.0,4.1,8.3,Medium,False
CVE-2020-90192,2020,Memory,4.2,4.3,5.8,Medium,False
CVE-2022-60333,2022,Memory,7.5,7.4,9.6,High,False
CVE-2019-61298,2019,InputValidation,4.0,3.1,8.9,Medium,False
CVE-2024-94192,2024,Other,4.6,4.9,6.3,Medium,False
CVE-2021-51811,2021,InputValidation,5.2,3.9,4.5,Medium,False
CVE-2024-80072,2024,InputValidation,6.3,9.0,3.5,Medium,False
CVE-2024-52974,2024,Memory,6.5,8.4,4.5,Medium,False
CVE-2018-29856,2018,Memory,4.9,7.2,4.5,Medium,False
CVE-2022-54830,2022,Other,6.8,6.9,9.4,Medium,False
CVE-2018-91983,2018,Other,5.1,3.7,6.5,Medium,False
CVE-2024-55823,2024,Memory,7.6,7.8,7.8,High,False
CVE-2022-84397,2022,Other,2.0,5.3,2.6,Low,False
CVE-2018-95814,2018,Crypto,3.4,5.9,4.5,Low,False
CVE-2019-77078,2019,Other,7.3,6.9,8.5,High,False
CVE-2021-77951,2021,InputValidation,5.7,7.1,7.4,Medium,False
CVE-2024-22905,2024,InputValidation,4.8,6.4,6.5,Medium,False
CVE-2023-31601,2023,InputValidation,3.4,3.5,7.2,Low,False
CVE-2024-97099,2024,Crypto,4.9,4.1,9.3,Medium,False
CVE-2021-50955,2021,Memory,4.4,6.8,6.5,Medium,False
CVE-2018-82179,2018,Memory,7.5,7.1,7.1,High,False
CVE-2024-58435,2024,InputValidation,4.6,4.3,6.7,Medium,False
CVE-2018-34044,2018,Auth,8.0,10.0,10.0,High,False
CVE-2024-21246,2024,Memory,5.9,9.3,3.6,Medium,False
CVE-2021-12458,2021,Crypto,6.6,6.4,8.0,Medium,False
CVE-2018-68507,2018,Other,5.5,5.1,6.3,Medium,False
CVE-2023-16028,2023,Memory,6.8,6.7,7.9,Medium,False
CVE-2024-61901,2024,Crypto,3.4,4.1,5.1,Low,False
CVE-2024-16306,2024,InputValidation,5.0,6.1,6.6,Medium,False
CVE-2019-37678,2019,Other,6.0,5.4,7.9,Medium,False
CVE-2020-22363,2020,Memory,5.6,5.1,10.0,Medium,False
CVE-2022-24066,2022,Crypto,5.8,6.0,8.2,Medium,False
CVE-2023-73804,2023,Auth,5.2,6.3,5.2,Medium,False
CVE-2023-58544,2023,Other,3.8,2.1,5.2,Low,False
CVE-2020-10189,2020,Crypto,2.7,4.2,5.5,Low,False
CVE-2024-21752,2024,InputValidation,4.4,5.4,3.3,Medium,False
CVE-2023-17482,2023,Crypto,5.9,8.3,6.6,Medium,False
CVE-2024-26679,2024,Other,6.2,5.8,8.0,Medium,False
CVE-2022-10799,2022,Crypto,3.9,3.5,3.9,Low,False
CVE-2021-19934,2021,Memory,8.0,7.7,8.9,High,False
CVE-2024-67558,2024,Other,5.1,2.7,6.9,Medium,False
CVE-2022-69223,2022,Crypto,6.4,7.1,5.6,Medium,False
CVE-2024-94620,2024,Crypto,5.7,4.8,6.2,Medium,False
CVE-2024-51556,2024,Memory,6.9,6.9,9.7,Medium,False
CVE-2023-19909,2023,Crypto,6.4,7.5,8.3,Medium,False
CVE-2022-53558,2022,InputValidation,5.0,4.1,6.3,Medium,False
CVE-2018-89382,2018,Crypto,4.5,3.4,5.8,Medium,False
CVE-2018-97793,2018,Memory,5.1,6.1,6.9,Medium,False
CVE-2020-38013,2020,Crypto,5.7,7.1,6.0,Medium,False
CVE-2020-32875,2020,Other,2.3,2.7,2.3,Low,False
CVE-2020-21408,2020,Memory,4.3,2.8,9.7,Medium,False
CVE-2021-45607,2021,Other,5.6,4.3,6.6,Medium,False
CVE-2021-71684,2021,InputValidation,5.9,6.8,7.6,Medium,False
CVE-2021-46281,2021,Other,7.2,6.8,6.8,High,False
CVE-2019-37326,2019,Auth,3.4,5.8,5.3,Low,False
CVE-2018-23601,2018,Crypto,4.2,4.9,6.1,Medium,False
CVE-2023-11135,2023,Auth,5.3,8.2,4.3,Medium,False
CVE-2022-32741,2022,Other,5.8,2.2,10.0,Medium,False
CVE-2022-21913,2022,InputValidation,4.5,5.4,4.4,Medium,False
CVE-2023-20101,2023,InputValidation,5.0,6.3,4.9,Medium,False
CVE-2024-28631,2024,Crypto,4.1,6.2,5.9,Medium,False
CVE-2021-82084,2021,Auth,5.0,5.7,9.0,Medium,False
CVE-2023-46870,2023,Auth,5.8,6.6,6.8,Medium,False
CVE-2024-58985,2024,Auth,1.9,2.8,3.8,Low,False
CVE-2024-37215,2024,InputValidation,5.1,5.0,8.8,Medium,False
CVE-2021-72110,2021,Auth,6.7,7.2,8.3,Medium,False
CVE-2023-29215,2023,Memory,4.6,5.5,7.6,Medium,False
CVE-2019-24024,2019,InputValidation,7.0,6.1,8.0,High,False
CVE-2022-86949,2022,Memory,8.0,7.7,10.0,High,False
CVE-2024-91855,2024,InputValidation,4.9,5.5,10.0,Medium,False
CVE-2022-94982,2022,InputValidation,4.2,6.3,5.5,Medium,False
CVE-2024-55483,2024,InputValidation,3.8,4.6,9.3,Low,False
CVE-2021-88157,2021,Crypto,4.5,5.2,7.2,Medium,False
CVE-2024-20511,2024,InputValidation,6.6,6.9,7.8,Medium,False
CVE-2022-29923,2022,InputValidation,4.0,6.2,3.7,Medium,False
CVE-2018-20558,2018,Memory,5.6,6.1,6.4,Medium,True
CVE-2022-10526,2022,InputValidation,3.7,6.3,5.3,Low,False
CVE-2020-11753,2020,Memory,7.4,8.1,8.6,High,False
CVE-2018-36248,2018,Memory,4.5,3.9,8.2,Medium,False
CVE-2024-24656,2024,Crypto,4.5,7.2,3.2,Medium,False
CVE-2020-33266,2020,Crypto,4.7,5.0,6.5,Medium,False
CVE-2023-74555,2023,Crypto,5.0,6.1,8.7,Medium,False
CVE-2020-72995,2020,InputValidation,5.0,7.8,6.7,Medium,False
CVE-2020-85756,2020,InputValidation,5.5,3.9,7.6,Medium,False
CVE-2024-93574,2024,Other,4.8,3.9,6.9,Medium,False
CVE-2021-88277,2021,InputValidation,6.1,5.6,7.2,Medium,False
CVE-2022-80377,2022,InputValidation,4.8,4.8,6.0,Medium,False
CVE-2022-75402,2022,Memory,6.3,9.6,5.2,Medium,False
CVE-2022-64176,2022,InputValidation,2.6,4.7,4.4,Low,False
CVE-2024-51733,2024,InputValidation,5.1,5.2,7.8,Medium,False
CVE-2023-24418,2023,InputValidation,5.4,6.3,6.8,Medium,False
CVE-2021-47185,2021,Crypto,5.6,3.7,6.0,Medium,False
CVE-2024-51745,2024,InputValidation,5.2,5.4,5.8,Medium,False
CVE-2020-63787,2020,Crypto,6.3,6.0,6.1,Medium,False
CVE-2022-90123,2022,Auth,6.4,6.0,8.6,Medium,False
CVE-2024-62035,2024,Auth,4.6,6.4,6.2,Medium,False
CVE-2023-97804,2023,Auth,4.4,5.7,4.2,Medium,False
CVE-2023-75984,2023,Other,4.4,2.7,7.4,Medium,False
CVE-2023-62462,2023,Memory,5.1,7.5,6.6,Medium,False
CVE-2024-47353,2024,Memory,6.7,9.6,7.5,Medium,False
CVE-2024-83644,2024,Memory,6.6,7.0,9.8,Medium,False
CVE-2020-58302,2020,Crypto,6.4,5.8,6.6,Medium,True
CVE-2019-86979,2019,Other,3.8,6.0,7.2,Low,False
CVE-2022-32435,2022,Memory,5.0,5.1,4.4,Medium,False
CVE-2023-67728,2023,Other,5.1,7.6,6.6,Medium,False
CVE-2020-11238,2020,Memory,5.1,7.3,8.1,Medium,False
CVE-2018-90857,2018,Other,5.9,7.4,4.2,Medium,False
CVE-2021-91610,2021,InputValidation,5.4,4.9,6.8,Medium,False
CVE-2024-23049,2024,Memory,8.1,9.7,7.6,High,False
CVE-2023-67193,2023,InputValidation,6.5,7.2,7.0,Medium,False
CVE-2021-45584,2021,InputValidation,7.9,6.8,8.7,High,False
CVE-2020-76634,2020,InputValidation,6.1,6.4,7.4,Medium,False
CVE-2021-24679,2021,InputValidation,5.9,5.6,9.3,Medium,False
CVE-2019-44505,2019,Auth,6.0,8.3,5.4,Medium,False
CVE-2019-61341,2019,InputValidation,6.4,6.2,7.0,Medium,False
CVE-2024-60374,2024,InputValidation,3.3,3.0,6.3,Low,False
CVE-2024-56998,2024,Crypto,3.0,3.8,4.3,Low,False
CVE-2019-86970,2019,Auth,5.7,6.2,8.5,Medium,False
CVE-2018-65701,2018,InputValidation,4.9,6.5,10.0,Medium,False
CVE-2021-54859,2021,InputValidation,5.3,5.9,6.7,Medium,False
CVE-2022-43178,2022,Memory,5.4,8.8,8.2,Medium,True
CVE-2020-37575,2020,Memory,4.4,4.1,6.5,Medium,False
CVE-2021-29329,2021,Crypto,5.4,5.7,5.4,Medium,False
CVE-2020-67254,2020,Memory,2.9,4.3,3.1,Low,False
CVE-2023-94029,2023,InputValidation,6.7,7.1,5.7,Medium,False
CVE-2023-97366,2023,Auth,3.4,6.4,4.3,Low,False
CVE-2023-83662,2023,Memory,8.0,7.6,10.0,High,False
CVE-2021-50068,2021,Crypto,4.9,4.2,6.1,Medium,False
CVE-2024-68951,2024,InputValidation,4.6,7.9,6.5,Medium,False
CVE-2024-97629,2024,Other,8.2,6.6,8.4,High,False
CVE-2019-45171,2019,InputValidation,4.9,6.9,4.9,Medium,False
CVE-2020-18262,2020,Auth,4.2,6.3,5.4,Medium,False
CVE-2022-53270,2022,Crypto,4.3,6.4,6.9,Medium,False
CVE-2019-30785,2019,Memory,5.7,5.9,8.5,Medium,False
CVE-2021-49469,2021,Crypto,5.8,6.8,7.8,Medium,False
CVE-2022-78831,2022,Other,6.2,7.5,7.4,Medium,False
CVE-2022-91223,2022,Crypto,5.6,7.1,7.1,Medium,False
CVE-2021-55643,2021,Auth,5.7,5.4,7.3,Medium,False
CVE-2022-77657,2022,Other,4.8,5.5,7.0,Medium,False
CVE-2024-13582,2024,Memory,2.6,5.1,4.7,Low,False
CVE-2020-40280,2020,Memory,6.0,7.9,7.2,Medium,False
CVE-2023-52589,2023,Crypto,2.8,6.2,4.8,Low,False
CVE-2018-50000,2018,InputValidation,4.3,3.2,6.3,Medium,False
CVE-2018-11085,2018,Auth,3.6,4.8,5.6,Low,False
CVE-2022-91427,2022,Other,6.0,4.6,10.0,Medium,False
CVE-2019-25600,2019,InputValidation,6.1,5.5,6.5,Medium,False
CVE-2018-69801,2018,Memory,3.2,5.2,4.0,Low,False
CVE-2019-71739,2019,Auth,6.5,7.1,6.7,Medium,False
CVE-2022-84181,2022,InputValidation,5.4,6.4,7.7,Medium,False
CVE-2023-51596,2023,Auth,7.8,6.2,9.8,High,False
CVE-2020-80410,2020,InputValidation,4.0,4.9,5.4,Medium,False
CVE-2023-89303,2023,Crypto,4.1,7.1,4.1,Medium,False
CVE-2020-62188,2020,Memory,7.9,9.5,8.9,High,False
CVE-2022-36825,2022,Crypto,3.5,4.8,4.0,Low,False
CVE-2021-20913,2021,InputValidation,3.9,5.1,5.7,Low,False
CVE-2023-91751,2023,Crypto,4.8,6.2,6.3,Medium,False
CVE-2024-94269,2024,Memory,5.4,6.5,6.7,Medium,False
CVE-2024-24332,2024,Auth,6.9,6.3,8.0,Medium,False
CVE-2018-64895,2018,Other,3.3,6.1,5.5,Low,False
CVE-2024-14432,2024,Memory,4.2,4.1,5.8,Medium,False
CVE-2018-98095,2018,Memory,7.1,9.0,7.3,High,True
CVE-2024-36570,2024,Memory,6.0,7.1,7.2,Medium,False
CVE-2020-16103,2020,Crypto,5.8,4.9,6.7,Medium,False
CVE-2021-25900,2021,Crypto,5.2,5.4,7.4,Medium,False
CVE-2019-68415,2019,InputValidation,5.6,5.9,8.2,Medium,False
CVE-2019-77567,2019,Memory,5.2,4.4,7.1,Medium,False
CVE-2023-72713,2023,InputValidation,6.7,8.2,8.0,Medium,False
CVE-2024-93169,2024,Crypto,3.7,5.6,3.8,Low,False
CVE-2022-68639,2022,InputValidation,6.0,6.7,6.9,Medium,False
CVE-2023-98728,2023,Other,5.2,6.4,7.6,Medium,False
CVE-2023-95476,2023,Memory,5.0,5.5,7.9,Medium,False
CVE-2020-18988,2020,Crypto,4.5,6.2,5.5,Medium,False
CVE-2018-88488,2018,InputValidation,5.7,5.6,5.4,Medium,False
CVE-2018-12977,2018,InputValidation,2.9,7.3,5.9,Low,False
CVE-2021-64641,2021,Auth,4.6,3.3,7.1,Medium,False
CVE-2020-11268,2020,Crypto,5.6,5.4,8.4,Medium,False
CVE-2018-64431,2018,Other,2.7,4.1,5.6,Low,False
CVE-2019-26756,2019,Memory,6.8,7.6,8.7,Medium,False
CVE-2019-30764,2019,Memory,6.5,7.7,7.3,Medium,False
CVE-2024-69912,2024,Auth,5.4,5.4,6.4,Medium,False
CVE-2019-50385,2019,Crypto,2.3,4.4,6.0,Low,False
CVE-2022-25032,2022,InputValidation,6.7,5.8,8.0,Medium,False
CVE-2022-55702,2022,Memory,4.7,5.7,7.2,Medium,False
CVE-2022-21885,2022,Memory,7.9,8.3,10.0,High,False
CVE-2019-19796,2019,Other,4.6,4.4,4.9,Medium,False
CVE-2021-42863,2021,Memory,3.3,2.6,7.0,Low,False
CVE-2018-91014,2018,InputValidation,5.2,5.4,5.6,Medium,False
CVE-2021-42117,2021,Memory,4.1,5.4,5.0,Medium,False
CVE-2020-30753,2020,InputValidation,2.4,3.6,6.2,Low,False
CVE-2022-30325,2022,Memory,5.9,5.1,6.8,Medium,False
CVE-2023-17021,2023,InputValidation,5.8,6.2,10.0,Medium,False
CVE-2022-90721,2022,Memory,5.9,9.0,7.0,Medium,False
CVE-2021-63096,2021,Auth,4.7,7.0,4.9,Medium,False
CVE-2021-81404,2021,Memory,5.7,6.1,7.2,Medium,False
CVE-2024-23071,2024,InputValidation,4.2,6.7,3.1,Medium,False
CVE-2020-74649,2020,Other,4.8,4.3,6.2,Medium,False
CVE-2023-18041,2023,Crypto,3.5,4.5,6.4,Low,False
CVE-2023-92051,2023,InputValidation,4.3,4.3,7.8,Medium,False
CVE-2021-50058,2021,InputValidation,4.5,3.4,7.9,Medium,False
CVE-2020-58263,2020,InputValidation,6.2,5.4,5.7,Medium,False
CVE-2022-54470,2022,Crypto,4.9,5.7,6.4,Medium,False
CVE-2019-97826,2019,Other,5.1,4.9,5.1,Medium,False
CVE-2018-38223,2018,Crypto,4.0,4.9,4.4,Medium,False
CVE-2019-43575,2019,Crypto,4.2,4.1,6.9,Medium,False
CVE-2020-55799,2020,Auth,4.9,7.4,4.7,Medium,False
CVE-2022-31661,2022,InputValidation,3.9,4.0,5.6,Low,False
CVE-2024-91975,2024,Memory,6.1,8.2,5.3,Medium,True
CVE-2020-46432,2020,Crypto,5.7,4.0,7.3,Medium,False
CVE-2024-41147,2024,Other,5.7,3.9,9.5,Medium,False
CVE-2024-39114,2024,Memory,4.8,4.8,4.1,Medium,False
CVE-2024-16030,2024,Crypto,2.7,4.7,3.1,Low,False
CVE-2024-57429,2024,Memory,6.0,8.5,7.0,Medium,False
CVE-2021-57743,2021,InputValidation,5.0,6.8,6.9,Medium,False
CVE-2018-75615,2018,Memory,6.8,8.5,7.6,Medium,False
CVE-2022-57577,2022,InputValidation,5.0,6.8,6.1,Medium,False
CVE-2022-12966,2022,Auth,5.2,4.8,6.1,Medium,False
CVE-2024-13728,2024,InputValidation,4.5,5.5,7.3,Medium,False
CVE-2024-47304,2024,Crypto,5.1,4.3,8.2,Medium,False
CVE-2022-59277,2022,Auth,5.7,8.5,3.7,Medium,False
CVE-2021-10947,2021,Other,2.0,3.2,5.5,Low,False
CVE-2020-88101,2020,Memory,8.2,8.3,7.6,High,True
CVE-2018-91380,2018,InputValidation,5.1,7.3,5.3,Medium,False
CVE-2022-76130,2022,Memory,6.3,9.7,10.0,Medium,False
CVE-2022-31414,2022,Other,4.2,4.4,5.2,Medium,False
CVE-2024-92060,2024,Other,5.3,6.1,6.6,Medium,False
CVE-2022-29439,2022,InputValidation,7.1,9.4,8.4,High,False
CVE-2024-68220,2024,Auth,5.5,5.6,5.6,Medium,False
CVE-2023-56785,2023,InputValidation,3.6,3.7,2.9,Low,False
CVE-2024-46973,2024,Crypto,3.7,2.7,5.3,Low,False
CVE-2019-97091,2019,Memory,7.2,8.1,9.0,High,False
CVE-2024-83318,2024,Auth,3.9,3.7,5.6,Low,False
CVE-2023-78196,2023,Memory,6.3,6.4,5.3,Medium,False
CVE-2019-16089,2019,Auth,5.2,7.2,8.6,Medium,False
CVE-2020-80854,2020,Auth,5.5,6.8,6.3,Medium,False
CVE-2024-72235,2024,Auth,5.5,7.1,6.0,Medium,False
CVE-2018-39400,2018,Memory,6.6,7.3,7.2,Medium,False
CVE-2022-25405,2022,InputValidation,6.0,7.9,8.5,Medium,False
CVE-2021-62763,2021,InputValidation,4.4,4.6,10.0,Medium,False
CVE-2023-40209,2023,InputValidation,5.4,5.0,8.0,Medium,False
CVE-2024-83598,2024,Memory,6.1,5.8,8.8,Medium,False
CVE-2021-27424,2021,Other,6.2,6.2,5.8,Medium,False
CVE-2021-99523,2021,Crypto,4.0,6.9,5.0,Medium,False
CVE-2024-30556,2024,InputValidation,6.5,6.7,6.9,Medium,False
CVE-2023-29330,2023,InputValidation,8.0,7.8,7.2,High,False
CVE-2024-91266,2024,InputValidation,3.4,4.2,4.4,Low,False
CVE-2021-13236,2021,Crypto,5.0,8.0,6.8,Medium,False
CVE-2020-79216,2020,InputValidation,6.2,8.3,7.9,Medium,False
CVE-2021-40312,2021,Other,5.5,6.1,7.4,Medium,False
CVE-2023-31191,2023,InputValidation,7.3,8.7,8.1,High,False
CVE-2019-93457,2019,Other,3.3,2.5,6.5,Low,False
CVE-2020-46640,2020,Other,5.3,4.2,5.4,Medium,False
CVE-2018-72293,2018,Memory,4.0,5.9,5.8,Medium,False
CVE-2021-46688,2021,Other,3.1,6.1,4.6,Low,False
CVE-2024-81229,2024,Memory,7.0,5.4,9.8,High,False
CVE-2018-95802,2018,Auth,4.2,7.6,7.1,Medium,False
CVE-2023-34122,2023,InputValidation,5.9,8.1,6.7,Medium,False
CVE-2024-51224,2024,Other,7.2,6.0,5.0,High,False
CVE-2020-16331,2020,Other,6.2,5.4,10.0,Medium,False
CVE-2023-97102,2023,Auth,3.2,5.0,4.6,Low,False
CVE-2024-52262,2024,Auth,4.6,5.2,5.8,Medium,False
CVE-2024-96314,2024,InputValidation,6.3,7.9,7.8,Medium,False
CVE-2020-69592,2020,Memory,6.8,8.2,8.2,Medium,False
CVE-2019-43926,2019,InputValidation,6.4,5.9,8.4,Medium,False
CVE-2019-96287,2019,Memory,5.7,6.4,10.0,Medium,False
CVE-2023-27528,2023,Crypto,5.3,2.5,6.9,Medium,False
CVE-2023-10068,2023,InputValidation,4.0,4.4,4.5,Medium,False
CVE-2023-79253,2023,Other,6.5,7.9,6.6,Medium,False
CVE-2021-90754,2021,Crypto,3.8,3.6,6.8,Low,False
CVE-2019-53968,2019,Auth,7.7,6.8,10.0,High,False
CVE-2022-58623,2022,Memory,5.3,8.5,4.7,Medium,False
CVE-2022-52129,2022,Other,4.9,3.1,8.3,Medium,False
CVE-2023-71321,2023,Other,4.3,5.3,6.9,Medium,False
CVE-2022-21526,2022,InputValidation,5.6,7.4,8.5,Medium,False
CVE-2021-36709,2021,Crypto,5.5,5.5,6.4,Medium,False
CVE-2020-25063,2020,Auth,6.2,10.0,6.0,Medium,False
CVE-2020-14723,2020,Memory,4.3,4.5,7.8,Medium,False
CVE-2020-14213,2020,InputValidation,5.9,7.6,8.2,Medium,False
CVE-2019-32797,2019,InputValidation,6.3,5.7,8.4,Medium,False
CVE-2021-94946,2021,Memory,5.7,8.2,7.1,Medium,False
CVE-2018-98918,2018,InputValidation,5.1,6.7,5.8,Medium,False
CVE-2020-55217,2020,Memory,4.2,5.9,3.9,Medium,False
CVE-2023-78283,2023,Memory,4.9,7.3,8.4,Medium,False
CVE-2021-33655,2021,Memory,3.5,4.2,7.1,Low,False
CVE-2023-87990,2023,Other,4.9,5.9,4.9,Medium,False
CVE-2023-22587,2023,InputValidation,4.5,6.4,5.8,Medium,False
CVE-2022-32555,2022,Other,5.8,6.0,5.9,Medium,False
CVE-2024-38071,2024,InputValidation,5.8,7.6,4.3,Medium,False
CVE-2018-30239,2018,InputValidation,5.6,6.6,5.3,Medium,False
CVE-2023-59151,2023,InputValidation,6.1,6.2,4.7,Medium,False
CVE-2024-12203,2024,InputValidation,4.3,4.7,5.7,Medium,False
CVE-2024-23635,2024,Memory,5.3,5.9,5.4,Medium,False
CVE-2019-62571,2019,Crypto,4.4,7.3,4.0,Medium,False
CVE-2021-11144,2021,Memory,9.6,9.2,10.0,Critical,False
CVE-2019-42699,2019,Crypto,7.2,5.1,8.8,High,False
CVE-2022-94619,2022,Crypto,4.6,5.6,5.2,Medium,False
CVE-2023-22213,2023,Memory,5.6,5.6,7.1,Medium,False
CVE-2021-26944,2021,Memory,7.9,8.8,8.0,High,False
CVE-2022-76723,2022,Auth,6.6,7.5,9.1,Medium,False
CVE-2023-78669,2023,InputValidation,5.6,8.9,5.8,Medium,False
CVE-2021-78947,2021,Memory,6.5,5.7,8.6,Medium,False
CVE-2024-44457,2024,Other,4.2,4.4,5.4,Medium,False
CVE-2023-45191,2023,Memory,5.2,7.3,4.6,Medium,False
CVE-2018-82264,2018,Crypto,5.3,6.5,8.1,Medium,False
CVE-2023-67924,2023,Other,4.1,4.7,8.8,Medium,False
CVE-2020-43744,2020,Memory,6.5,5.7,10.0,Medium,False
CVE-2022-63424,2022,Memory,6.3,8.3,5.0,Medium,False
CVE-2024-98417,2024,Memory,6.5,8.1,8.4,Medium,False
CVE-2024-88337,2024,InputValidation,5.5,4.6,5.7,Medium,False
CVE-2021-86084,2021,Memory,6.6,9.0,8.7,Medium,False
CVE-2020-42886,2020,Crypto,4.1,7.3,4.3,Medium,False
CVE-2020-94963,2020,Memory,5.0,7.2,4.7,Medium,False
CVE-2022-10972,2022,InputValidation,4.7,6.1,5.3,Medium,False
CVE-2019-16621,2019,Other,5.8,5.8,6.8,Medium,False
CVE-2022-59738,2022,Auth,3.8,5.2,5.4,Low,False
CVE-2018-67694,2018,Crypto,6.5,5.5,7.8,Medium,False
CVE-2021-64777,2021,InputValidation,5.9,2.8,7.9,Medium,False
CVE-2020-24530,2020,Crypto,6.0,6.8,7.9,Medium,False
CVE-2024-17354,2024,InputValidation,6.2,3.7,9.1,Medium,False
CVE-2023-56529,2023,InputValidation,5.7,8.3,7.9,Medium,False
CVE-2021-61714,2021,Memory,5.6,6.5,4.6,Medium,False
CVE-2019-98759,2019,Other,6.3,4.7,8.9,Medium,False
CVE-2022-51232,2022,InputValidation,5.1,5.1,5.4,Medium,False
CVE-2020-62079,2020,Memory,6.1,6.6,8.5,Medium,False
CVE-2022-22550,2022,InputValidation,4.9,8.1,10.0,Medium,False
CVE-2024-98196,2024,InputValidation,3.3,2.3,6.8,Low,False
CVE-2022-70385,2022,Auth,4.9,8.4,4.5,Medium,False
CVE-2023-74736,2023,Auth,4.4,7.0,5.2,Medium,False
CVE-2022-40268,2022,Auth,5.6,4.7,8.8,Medium,False
CVE-2024-14290,2024,Memory,4.5,5.4,6.3,Medium,False
CVE-2024-65034,2024,InputValidation,5.8,8.5,7.3,Medium,False
CVE-2022-40138,2022,InputValidation,4.2,4.6,7.8,Medium,False
CVE-2021-81982,2021,Memory,4.8,5.3,7.8,Medium,False
CVE-2022-23432,2022,InputValidation,7.1,7.7,7.5,High,False
CVE-2020-77058,2020,Auth,5.1,7.0,6.5,Medium,False
CVE-2023-68175,2023,Memory,4.4,5.6,6.1,Medium,False
CVE-2022-43329,2022,InputValidation,5.6,6.3,8.3,Medium,False
CVE-2019-79076,2019,Memory,5.6,5.5,7.6,Medium,False
CVE-2020-22328,2020,Memory,6.7,8.7,6.8,Medium,False
CVE-2022-44247,2022,Memory,4.7,8.6,9.2,Medium,False
CVE-2024-16677,2024,Other,5.9,5.8,6.4,Medium,False
CVE-2022-71810,2022,Auth,6.3,7.0,5.4,Medium,False
CVE-2023-60357,2023,Other,4.7,7.6,5.7,Medium,False
CVE-2021-65812,2021,InputValidation,3.9,6.0,4.9,Low,False
CVE-2022-51616,2022,Memory,4.3,5.2,6.1,Medium,False
CVE-2022-71284,2022,InputValidation,5.7,6.7,9.1,Medium,False
CVE-2023-59741,2023,InputValidation,6.4,9.1,5.9,Medium,False
CVE-2018-63478,2018,Auth,3.3,5.0,6.8,Low,False
CVE-2022-64056,2022,Memory,4.2,6.5,5.6,Medium,False
CVE-2020-55534,2020,InputValidation,6.6,6.6,6.4,Medium,False
CVE-2021-89056,2021,Memory,4.0,6.9,4.2,Medium,False
CVE-2024-74162,2024,InputValidation,5.4,4.5,6.0,Medium,False
CVE-2020-54711,2020,Auth,6.4,8.2,6.8,Medium,False
CVE-2021-32805,2021,InputValidation,5.8,9.5,8.4,Medium,False
CVE-2022-30143,2022,InputValidation,6.0,6.3,7.2,Medium,False
CVE-2024-85828,2024,InputValidation,3.8,4.6,4.3,Low,False
CVE-2021-72473,2021,InputValidation,4.5,3.7,8.2,Medium,False
CVE-2023-26017,2023,Auth,6.0,6.9,7.3,Medium,False
CVE-2024-73202,2024,Other,6.1,6.7,7.2,Medium,False
CVE-2021-51423,2021,Other,5.7,5.7,6.6,Medium,False
CVE-2021-51713,2021,Auth,6.1,6.5,5.9,Medium,False
CVE-2021-97856,2021,InputValidation,5.3,5.1,6.9,Medium,False
CVE-2024-84310,2024,Crypto,3.4,3.9,7.1,Low,False
CVE-2018-12205,2018,InputValidation,4.4,7.3,3.8,Medium,False
CVE-2021-63266,2021,InputValidation,7.9,7.4,6.0,High,False
CVE-2023-22342,2023,Auth,4.8,4.2,5.9,Medium,False
CVE-2022-79563,2022,Memory,8.9,9.4,7.8,High,False
CVE-2021-73190,2021,Other,7.0,5.9,8.8,High,False
CVE-2022-91863,2022,InputValidation,5.9,8.1,5.7,Medium,False
CVE-2020-31200,2020,Crypto,4.0,3.5,5.3,Medium,False
CVE-2021-17188,2021,Crypto,3.7,3.5,5.3,Low,False
CVE-2022-12808,2022,Other,2.8,4.8,5.0,Low,False
CVE-2024-23851,2024,Crypto,5.2,6.3,6.1,Medium,False
CVE-2020-90890,2020,Crypto,7.7,8.2,8.5,High,False
CVE-2024-74928,2024,Memory,5.1,8.1,5.2,Medium,False
CVE-2023-25058,2023,InputValidation,5.7,5.6,7.4,Medium,False
CVE-2018-24620,2018,Memory,4.6,5.5,3.5,Medium,False
CVE-2023-62755,2023,Auth,5.3,8.3,6.2,Medium,False
CVE-2018-72995,2018,InputValidation,4.0,4.6,5.8,Medium,False
CVE-2024-46681,2024,Crypto,6.4,7.9,10.0,Medium,False
CVE-2024-74509,2024,Memory,4.7,6.6,6.3,Medium,False
CVE-2020-93339,2020,Memory,4.4,9.4,3.4,Medium,False
CVE-2020-77703,2020,Auth,4.0,7.5,3.4,Medium,False
CVE-2021-77680,2021,Memory,6.8,6.8,6.9,Medium,False
CVE-2021-77703,2021,Memory,5.0,6.2,7.8,Medium,False
CVE-2021-52136,2021,Memory,5.8,6.5,7.5,Medium,False
CVE-2021-98456,2021,Other,4.8,5.6,6.9,Medium,False
CVE-2023-93086,2023,Auth,7.2,6.6,8.9,High,False
CVE-2019-46343,2019,InputValidation,5.5,5.1,5.6,Medium,False
CVE-2024-28254,2024,InputValidation,6.4,5.8,8.3,Medium,True
CVE-2023-71273,2023,InputValidation,4.5,6.1,3.8,Medium,False
CVE-2022-69611,2022,Auth,3.2,3.3,4.5,Low,False
CVE-2024-70002,2024,Crypto,3.2,6.2,3.5,Low,False
CVE-2020-95683,2020,Memory,6.4,5.5,6.1,Medium,False
CVE-2018-22926,2018,Memory,4.3,5.3,6.5,Medium,False
CVE-2022-74264,2022,Memory,5.1,4.5,6.6,Medium,False
CVE-2022-99527,2022,Crypto,4.6,2.8,6.2,Medium,False
CVE-2022-37563,2022,Auth,3.5,4.5,4.7,Low,False
CVE-2024-40688,2024,InputValidation,5.5,4.9,6.1,Medium,False
CVE-2024-44130,2024,Memory,6.8,9.9,4.8,Medium,False
CVE-2023-10925,2023,Memory,7.6,6.2,9.2,High,False
CVE-2023-61595,2023,Other,4.3,5.3,6.0,Medium,False
CVE-2019-26321,2019,InputValidation,4.2,6.6,5.9,Medium,False
CVE-2019-20769,2019,Auth,6.2,6.7,9.7,Medium,False
CVE-2023-46748,2023,Crypto,4.3,5.4,4.3,Medium,False
CVE-2021-50028,2021,InputValidation,3.7,4.2,4.3,Low,False
CVE-2022-26151,2022,Memory,5.7,9.2,5.4,Medium,False
CVE-2021-86133,2021,Memory,5.4,9.7,7.3,Medium,False
CVE-2022-44187,2022,Crypto,4.5,3.0,6.9,Medium,False
CVE-2020-53835,2020,Auth,6.8,5.0,7.8,Medium,False
CVE-2023-10059,2023,Crypto,6.4,5.1,10.0,Medium,True
CVE-2019-95717,2019,InputValidation,3.6,4.6,2.4,Low,False
CVE-2018-37235,2018,Memory,6.9,7.8,8.1,Medium,False
CVE-2021-77114,2021,Other,4.2,3.9,5.3,Medium,False
CVE-2020-55366,2020,Auth,7.4,9.7,6.4,High,False
CVE-2024-91583,2024,InputValidation,6.0,7.8,5.9,Medium,False
CVE-2018-42160,2018,Other,4.1,5.3,4.9,Medium,False
CVE-2019-15277,2019,Crypto,6.2,7.0,9.9,Medium,False
CVE-2022-11780,2022,Crypto,6.1,7.2,8.4,Medium,False
CVE-2022-56579,2022,Auth,5.3,5.7,6.7,Medium,False
CVE-2018-70750,2018,Auth,5.5,5.3,9.0,Medium,False
CVE-2018-66902,2018,Crypto,4.4,5.6,3.9,Medium,False
CVE-2024-90198,2024,Memory,5.8,8.3,4.8,Medium,False
CVE-2023-42161,2023,InputValidation,4.6,6.2,2.8,Medium,False
CVE-2021-54499,2021,Other,4.2,2.6,4.8,Medium,False
CVE-2022-41886,2022,Memory,5.3,5.8,7.0,Medium,False
CVE-2020-18800,2020,InputValidation,4.2,5.9,6.9,Medium,False
CVE-2021-59460,2021,InputValidation,5.0,5.9,6.9,Medium,False
CVE-2023-80975,2023,InputValidation,5.8,9.0,4.8,Medium,False
CVE-2024-79843,2024,Crypto,3.1,3.4,7.6,Low,False
CVE-2020-12364,2020,Other,6.4,5.8,7.1,Medium,False
CVE-2024-26568,2024,Memory,7.3,9.2,8.7,High,False
CVE-2019-48092,2019,Memory,6.2,10.0,4.1,Medium,False
CVE-2020-81019,2020,Memory,6.7,6.4,7.3,Medium,False
CVE-2018-72679,2018,Other,3.9,5.7,4.5,Low,False
CVE-2019-75781,2019,Crypto,5.6,6.4,6.1,Medium,False
CVE-2024-18430,2024,InputValidation,5.6,6.3,7.7,Medium,False
CVE-2022-83719,2022,Auth,5.3,6.4,6.9,Medium,False
CVE-2018-48692,2018,Other,3.9,5.7,5.1,Low,False
CVE-2024-40086,2024,Auth,5.0,2.7,6.1,Medium,False
CVE-2024-59671,2024,Other,4.0,6.0,3.9,Medium,False
CVE-2023-23901,2023,InputValidation,6.6,6.2,8.8,Medium,False
CVE-2024-13907,2024,Auth,3.7,6.2,6.4,Low,False
CVE-2020-38604,2020,InputValidation,8.3,9.1,9.3,High,False
CVE-2024-47869,2024,Auth,5.5,5.5,5.6,Medium,False
CVE-2023-24537,2023,Auth,4.9,5.9,5.7,Medium,False
CVE-2024-22501,2024,Auth,6.2,9.5,6.0,Medium,False
CVE-2023-47371,2023,Crypto,5.3,4.3,7.9,Medium,False
CVE-2021-46821,2021,Memory,6.7,6.2,5.5,Medium,False
CVE-2023-98732,2023,InputValidation,4.1,5.8,7.8,Medium,False
CVE-2020-16073,2020,Other,5.8,6.3,6.1,Medium,False
CVE-2021-71005,2021,Other,2.9,5.3,3.0,Low,False
CVE-2019-86097,2019,Memory,4.4,5.1,5.5,Medium,False
CVE-2024-28101,2024,Memory,4.4,6.2,4.6,Medium,False
CVE-2020-41426,2020,Memory,5.0,6.1,6.8,Medium,True
CVE-2022-17313,2022,Auth,4.7,6.4,4.6,Medium,False
CVE-2021-40773,2021,Auth,5.5,7.1,8.6,Medium,False
CVE-2024-38003,2024,Memory,6.8,7.6,6.9,Medium,False
CVE-2021-69668,2021,InputValidation,2.4,3.3,5.8,Low,False
CVE-2023-81250,2023,Auth,7.1,8.1,8.3,High,False
CVE-2024-52294,2024,Auth,6.0,6.9,8.6,Medium,False
CVE-2021-23582,2021,InputValidation,5.3,8.1,7.1,Medium,False
CVE-2021-23760,2021,Crypto,5.0,6.2,5.3,Medium,False
CVE-2023-81791,2023,InputValidation,3.7,7.7,3.8,Low,False
CVE-2024-92158,2024,InputValidation,5.2,6.7,5.6,Medium,False
CVE-2023-45983,2023,Crypto,4.4,7.5,5.9,Medium,False
CVE-2020-50309,2020,Crypto,5.8,6.3,6.9,Medium,False
CVE-2024-39715,2024,Other,3.7,4.9,5.8,Low,False
CVE-2021-46415,2021,Crypto,6.7,8.9,8.5,Medium,False
CVE-2022-97328,2022,Auth,6.0,7.8,6.0,Medium,False
CVE-2024-98260,2024,Memory,5.5,7.9,7.0,Medium,False
CVE-2020-61581,2020,InputValidation,5.0,4.1,8.4,Medium,False
CVE-2023-13652,2023,Memory,3.8,5.1,7.1,Low,False
CVE-2022-36297,2022,Memory,6.4,7.4,6.9,Medium,False
CVE-2024-24028,2024,Auth,6.6,6.7,5.8,Medium,False
CVE-2019-23803,2019,Other,6.2,4.1,5.2,Medium,False
CVE-2021-16307,2021,Memory,5.4,7.2,5.4,Medium,True
CVE-2024-41325,2024,InputValidation,6.7,8.4,6.2,Medium,False
CVE-2018-68616,2018,Auth,5.0,7.5,8.4,Medium,False
CVE-2019-70483,2019,Memory,6.0,5.3,6.2,Medium,False
CVE-2024-41574,2024,Crypto,4.7,5.3,4.1,Medium,False
CVE-2020-94798,2020,Auth,5.6,5.3,9.7,Medium,False
CVE-2024-77071,2024,Crypto,5.9,4.9,7.1,Medium,False
CVE-2020-24932,2020,Memory,4.3,6.4,4.2,Medium,False
CVE-2021-25749,2021,InputValidation,4.3,5.3,5.8,Medium,False
CVE-2023-18727,2023,Auth,5.0,4.6,6.6,Medium,False
CVE-2023-65406,2023,Crypto,5.1,5.3,9.6,Medium,False
CVE-2022-27332,2022,Memory,5.4,6.2,4.7,Medium,False
CVE-2022-20834,2022,Auth,3.2,2.1,7.7,Low,False
CVE-2024-30325,2024,Memory,7.2,10.0,10.0,High,False
CVE-2020-19213,2020,Auth,5.1,8.1,6.0,Medium,False
CVE-2022-11403,2022,Memory,5.9,6.4,6.3,Medium,False
CVE-2019-66971,2019,Other,3.6,5.0,4.6,Low,False
CVE-2022-64030,2022,InputValidation,3.2,4.2,6.0,Low,False
CVE-2020-83042,2020,InputValidation,5.9,8.5,7.1,Medium,True
CVE-2021-17591,2021,Memory,7.4,9.8,8.7,High,False
CVE-2022-22996,2022,InputValidation,5.1,6.2,8.7,Medium,False
CVE-2018-62485,2018,Other,4.1,6.5,5.5,Medium,False
CVE-2019-57830,2019,Other,5.3,5.3,3.0,Medium,False
CVE-2023-44370,2023,InputValidation,3.6,4.0,6.3,Low,False
CVE-2021-67572,2021,InputValidation,4.9,5.4,7.1,Medium,False
CVE-2024-89008,2024,Auth,5.4,6.7,7.3,Medium,False
CVE-2023-39098,2023,Other,3.9,4.3,5.8,Low,False
CVE-2018-71561,2018,Crypto,5.4,5.2,6.8,Medium,False
CVE-2022-12196,2022,InputValidation,6.9,5.9,9.4,Medium,False
CVE-2019-21091,2019,InputValidation,5.2,5.9,7.4,Medium,False
CVE-2023-90576,2023,Crypto,3.8,5.6,5.9,Low,False
CVE-2024-75254,2024,Memory,5.7,5.4,5.7,Medium,False
CVE-2022-59262,2022,Crypto,4.3,4.4,6.1,Medium,False
CVE-2023-16023,2023,InputValidation,6.8,4.1,9.3,Medium,False
CVE-2020-30543,2020,Auth,4.3,8.0,6.8,Medium,False
CVE-2021-70029,2021,Memory,4.4,3.8,6.2,Medium,False
CVE-2024-52337,2024,Crypto,7.1,7.2,6.1,High,False
CVE-2019-50409,2019,InputValidation,6.6,8.1,9.1,Medium,False
CVE-2020-80540,2020,Crypto,5.8,5.0,10.0,Medium,False
CVE-2022-19963,2022,Memory,4.4,3.1,6.9,Medium,False
CVE-2023-23796,2023,Crypto,4.4,5.0,6.6,Medium,False
CVE-2021-50972,2021,Crypto,4.7,5.4,6.6,Medium,False
CVE-2024-82613,2024,Crypto,2.5,4.0,2.0,Low,False
CVE-2019-88062,2019,Crypto,4.6,4.7,7.8,Medium,False
CVE-2021-13261,2021,Crypto,7.2,7.8,7.3,High,False
CVE-2023-27046,2023,Auth,6.6,7.5,7.8,Medium,True
CVE-2020-23397,2020,InputValidation,4.3,4.6,5.1,Medium,False
CVE-2023-70436,2023,Auth,4.8,4.1,5.6,Medium,False
CVE-2019-35757,2019,InputValidation,4.5,5.5,5.9,Medium,False
CVE-2018-25299,2018,Memory,5.6,6.7,8.7,Medium,False
CVE-2019-11902,2019,Memory,5.3,7.7,6.4,Medium,False
CVE-2024-52399,2024,InputValidation,6.1,5.2,10.0,Medium,False
CVE-2022-58330,2022,Auth,5.3,7.3,7.7,Medium,False
CVE-2023-56308,2023,Auth,5.6,9.4,5.1,Medium,False
CVE-2021-13846,2021,Auth,5.6,7.7,6.8,Medium,False
CVE-2022-22359,2022,InputValidation,6.5,5.9,5.5,Medium,False
CVE-2022-59376,2022,InputValidation,1.5,5.7,2.7,Low,False
CVE-2024-78056,2024,Memory,6.3,6.5,9.7,Medium,False
CVE-2023-50832,2023,InputValidation,7.9,7.8,8.3,High,False
CVE-2023-30098,2023,InputValidation,5.2,5.1,7.5,Medium,False
CVE-2018-59962,2018,Memory,6.5,7.1,7.2,Medium,False
CVE-2022-98672,2022,Memory,5.0,7.1,4.4,Medium,False
CVE-2022-45885,2022,Crypto,3.8,4.7,5.6,Low,False
CVE-2024-31157,2024,Auth,3.2,4.4,7.9,Low,False
CVE-2020-58372,2020,Other,4.5,5.5,4.7,Medium,False
CVE-2020-29674,2020,Other,2.5,4.9,1.9,Low,False
CVE-2021-42357,2021,Crypto,4.6,6.3,6.3,Medium,False
CVE-2020-22578,2020,InputValidation,4.4,5.2,6.3,Medium,False
CVE-2019-12251,2019,Crypto,7.4,7.3,7.2,High,False
CVE-2024-89049,2024,Auth,7.2,5.2,7.8,High,False
CVE-2022-47429,2022,Memory,7.5,9.6,8.6,High,False
CVE-2024-56871,2024,InputValidation,3.8,3.4,6.6,Low,False
CVE-2024-96526,2024,Auth,5.6,7.2,9.1,Medium,False
CVE-2020-35499,2020,InputValidation,5.0,6.7,4.1,Medium,False
CVE-2022-16421,2022,Crypto,6.2,4.3,7.3,Medium,False
CVE-2019-62204,2019,Crypto,5.5,6.1,7.9,Medium,False
CVE-2024-34591,2024,Memory,3.9,8.9,5.1,Low,False
CVE-2021-70940,2021,InputValidation,3.3,2.7,3.3,Low,False
CVE-2021-96371,2021,InputValidation,5.9,6.8,5.5,Medium,False
CVE-2021-22202,2021,Memory,2.3,3.3,5.0,Low,False
CVE-2022-29290,2022,Memory,5.7,5.6,8.0,Medium,False
CVE-2020-28130,2020,Auth,6.6,8.9,6.2,Medium,False
CVE-2021-47077,2021,InputValidation,4.2,5.1,5.0,Medium,False
CVE-2023-29396,2023,InputValidation,3.4,4.2,5.2,Low,False
CVE-2024-70848,2024,InputValidation,6.6,5.7,8.7,Medium,False
CVE-2021-93488,2021,Other,5.9,8.1,7.1,Medium,False
CVE-2022-70530,2022,InputValidation,2.7,3.3,5.8,Low,False
CVE-2024-74274,2024,InputValidation,2.8,4.4,6.2,Low,False
CVE-2018-37122,2018,Other,7.7,7.2,9.3,High,False
CVE-2024-39381,2024,Auth,6.8,9.3,6.0,Medium,False
CVE-2020-55435,2020,Memory,6.5,6.8,9.2,Medium,False
CVE-2023-33267,2023,Auth,4.4,4.6,6.8,Medium,False
CVE-2022-71978,2022,InputValidation,6.2,9.1,7.0,Medium,False
CVE-2022-17088,2022,InputValidation,6.5,8.4,10.0,Medium,False
CVE-2024-22822,2024,Memory,5.2,8.0,5.2,Medium,False
CVE-2019-60216,2019,Memory,3.2,5.8,6.0,Low,False
CVE-2021-46589,2021,Auth,4.1,6.4,4.6,Medium,False
CVE-2022-75262,2022,InputValidation,5.5,5.8,8.4,Medium,False
CVE-2023-67911,2023,InputValidation,7.0,6.5,9.8,High,False
CVE-2020-11436,2020,Auth,7.4,8.7,10.0,High,False
CVE-2023-71854,2023,Auth,7.5,7.8,9.3,High,False
CVE-2021-71888,2021,Memory,5.9,5.4,6.2,Medium,False
CVE-2020-37281,2020,Crypto,6.6,7.6,6.4,Medium,False
CVE-2023-98017,2023,Memory,5.3,7.5,4.0,Medium,False
CVE-2019-94403,2019,Auth,7.0,7.5,10.0,High,False
CVE-2022-63952,2022,Crypto,5.6,7.7,7.9,Medium,False
CVE-2018-32766,2018,Other,4.3,3.3,5.3,Medium,False
CVE-2021-31213,2021,Memory,7.9,6.9,9.3,High,False
CVE-2022-72239,2022,Memory,5.0,6.2,5.0,Medium,False
CVE-2022-32537,2022,InputValidation,5.9,3.6,7.0,Medium,False
